找到 1 个视频文件

============================================================
正在处理视频 1/1: 12921779_3840_2160_29fps.mp4
============================================================
视频信息: 3840x2160, 28.6 FPS, 2392 帧

video 1/1 (frame 1/2392) /workspaces/yolo/video/12921779_3840_2160_29fps.mp4: 384x640 5 persons, 436.4ms
video 1/1 (frame 2/2392) /workspaces/yolo/video/12921779_3840_2160_29fps.mp4: 384x640 3 persons, 311.9ms
video 1/1 (frame 3/2392) /workspaces/yolo/video/12921779_3840_2160_29fps.mp4: 384x640 3 persons, 158.3ms
video 1/1 (frame 4/2392) /workspaces/yolo/video/12921779_3840_2160_29fps.mp4: 384x640 3 persons, 178.0ms
video 1/1 (frame 5/2392) /workspaces/yolo/video/12921779_3840_2160_29fps.mp4: 384x640 2 persons, 198.8ms
video 1/1 (frame 6/2392) /workspaces/yolo/video/12921779_3840_2160_29fps.mp4: 384x640 3 persons, 271.7ms
video 1/1 (frame 7/2392) /workspaces/yolo/video/12921779_3840_2160_29fps.mp4: 384x640 4 persons, 208.5ms
video 1/1 (frame 8/2392) /workspaces/yolo/video/12921779_3840_2160_29fps.mp4: 384x640 4 persons, 168.3ms
video 1/1 (frame 9/2392) /workspaces/yolo/video/12921779_3840_2160_29fps.mp4: 384x640 6 persons, 153.3ms
video 1/1 (frame 10/2392) /workspaces/yolo/video/12921779_3840_2160_29fps.mp4: 384x640 7 persons, 277.0ms
video 1/1 (frame 11/2392) /workspaces/yolo/video/12921779_3840_2160_29fps.mp4: 384x640 6 persons, 203.7ms
video 1/1 (frame 12/2392) /workspaces/yolo/video/12921779_3840_2160_29fps.mp4: 384x640 7 persons, 165.6ms
video 1/1 (frame 13/2392) /workspaces/yolo/video/12921779_3840_2160_29fps.mp4: 384x640 8 persons, 150.4ms
video 1/1 (frame 14/2392) /workspaces/yolo/video/12921779_3840_2160_29fps.mp4: 384x640 7 persons, 218.6ms
video 1/1 (frame 15/2392) /workspaces/yolo/video/12921779_3840_2160_29fps.mp4: 384x640 6 persons, 396.6ms
video 1/1 (frame 16/2392) /workspaces/yolo/video/12921779_3840_2160_29fps.mp4: 384x640 7 persons, 198.0ms
video 1/1 (frame 17/2392) /workspaces/yolo/video/12921779_3840_2160_29fps.mp4: 384x640 5 persons, 181.7ms
video 1/1 (frame 18/2392) /workspaces/yolo/video/12921779_3840_2160_29fps.mp4: 384x640 3 persons, 147.8ms
video 1/1 (frame 19/2392) /workspaces/yolo/video/12921779_3840_2160_29fps.mp4: 384x640 5 persons, 484.7ms
video 1/1 (frame 20/2392) /workspaces/yolo/video/12921779_3840_2160_29fps.mp4: 384x640 5 persons, 236.9ms
video 1/1 (frame 21/2392) /workspaces/yolo/video/12921779_3840_2160_29fps.mp4: 384x640 7 persons, 155.2ms
video 1/1 (frame 22/2392) /workspaces/yolo/video/12921779_3840_2160_29fps.mp4: 384x640 7 persons, 152.6ms
video 1/1 (frame 23/2392) /workspaces/yolo/video/12921779_3840_2160_29fps.mp4: 384x640 6 persons, 205.1ms
video 1/1 (frame 24/2392) /workspaces/yolo/video/12921779_3840_2160_29fps.mp4: 384x640 6 persons, 284.8ms
video 1/1 (frame 25/2392) /workspaces/yolo/video/12921779_3840_2160_29fps.mp4: 384x640 6 persons, 200.7ms
video 1/1 (frame 26/2392) /workspaces/yolo/video/12921779_3840_2160_29fps.mp4: 384x640 4 persons, 163.9ms
video 1/1 (frame 27/2392) /workspaces/yolo/video/12921779_3840_2160_29fps.mp4: 384x640 5 persons, 235.7ms
video 1/1 (frame 28/2392) /workspaces/yolo/video/12921779_3840_2160_29fps.mp4: 384x640 7 persons, 255.4ms
video 1/1 (frame 29/2392) /workspaces/yolo/video/12921779_3840_2160_29fps.mp4: 384x640 8 persons, 300.3ms
video 1/1 (frame 30/2392) /workspaces/yolo/video/12921779_3840_2160_29fps.mp4: 384x640 8 persons, 221.5ms
video 1/1 (frame 31/2392) /workspaces/yolo/video/12921779_3840_2160_29fps.mp4: 384x640 7 persons, 229.5ms
video 1/1 (frame 32/2392) /workspaces/yolo/video/12921779_3840_2160_29fps.mp4: 384x640 10 persons, 230.1ms
video 1/1 (frame 33/2392) /workspaces/yolo/video/12921779_3840_2160_29fps.mp4: 384x640 11 persons, 285.4ms
video 1/1 (frame 34/2392) /workspaces/yolo/video/12921779_3840_2160_29fps.mp4: 384x640 10 persons, 159.5ms
video 1/1 (frame 35/2392) /workspaces/yolo/video/12921779_3840_2160_29fps.mp4: 384x640 9 persons, 242.9ms
video 1/1 (frame 36/2392) /workspaces/yolo/video/12921779_3840_2160_29fps.mp4: 384x640 10 persons, 200.4ms
video 1/1 (frame 37/2392) /workspaces/yolo/video/12921779_3840_2160_29fps.mp4: 384x640 10 persons, 331.0ms
video 1/1 (frame 38/2392) /workspaces/yolo/video/12921779_3840_2160_29fps.mp4: 384x640 7 persons, 165.7ms
video 1/1 (frame 39/2392) /workspaces/yolo/video/12921779_3840_2160_29fps.mp4: 384x640 7 persons, 285.0ms
video 1/1 (frame 40/2392) /workspaces/yolo/video/12921779_3840_2160_29fps.mp4: 384x640 3 persons, 167.2ms
video 1/1 (frame 41/2392) /workspaces/yolo/video/12921779_3840_2160_29fps.mp4: 384x640 5 persons, 561.7ms
video 1/1 (frame 42/2392) /workspaces/yolo/video/12921779_3840_2160_29fps.mp4: 384x640 5 persons, 153.7ms
video 1/1 (frame 43/2392) /workspaces/yolo/video/12921779_3840_2160_29fps.mp4: 384x640 7 persons, 239.6ms
video 1/1 (frame 44/2392) /workspaces/yolo/video/12921779_3840_2160_29fps.mp4: 384x640 5 persons, 181.8ms
video 1/1 (frame 45/2392) /workspaces/yolo/video/12921779_3840_2160_29fps.mp4: 384x640 7 persons, 294.2ms
video 1/1 (frame 46/2392) /workspaces/yolo/video/12921779_3840_2160_29fps.mp4: 384x640 5 persons, 236.9ms
video 1/1 (frame 47/2392) /workspaces/yolo/video/12921779_3840_2160_29fps.mp4: 384x640 4 persons, 254.1ms
video 1/1 (frame 48/2392) /workspaces/yolo/video/12921779_3840_2160_29fps.mp4: 384x640 6 persons, 182.5ms
video 1/1 (frame 49/2392) /workspaces/yolo/video/12921779_3840_2160_29fps.mp4: 384x640 7 persons, 225.9ms
video 1/1 (frame 50/2392) /workspaces/yolo/video/12921779_3840_2160_29fps.mp4: 384x640 5 persons, 314.9ms
video 1/1 (frame 51/2392) /workspaces/yolo/video/12921779_3840_2160_29fps.mp4: 384x640 8 persons, 320.6ms
video 1/1 (frame 52/2392) /workspaces/yolo/video/12921779_3840_2160_29fps.mp4: 384x640 8 persons, 180.0ms
video 1/1 (frame 53/2392) /workspaces/yolo/video/12921779_3840_2160_29fps.mp4: 384x640 7 persons, 213.7ms
video 1/1 (frame 54/2392) /workspaces/yolo/video/12921779_3840_2160_29fps.mp4: 384x640 8 persons, 285.5ms
video 1/1 (frame 55/2392) /workspaces/yolo/video/12921779_3840_2160_29fps.mp4: 384x640 7 persons, 166.4ms
video 1/1 (frame 56/2392) /workspaces/yolo/video/12921779_3840_2160_29fps.mp4: 384x640 8 persons, 233.9ms
video 1/1 (frame 57/2392) /workspaces/yolo/video/12921779_3840_2160_29fps.mp4: 384x640 8 persons, 286.2ms
video 1/1 (frame 58/2392) /workspaces/yolo/video/12921779_3840_2160_29fps.mp4: 384x640 8 persons, 263.7ms
video 1/1 (frame 59/2392) /workspaces/yolo/video/12921779_3840_2160_29fps.mp4: 384x640 9 persons, 239.5ms
video 1/1 (frame 60/2392) /workspaces/yolo/video/12921779_3840_2160_29fps.mp4: 384x640 8 persons, 189.6ms
video 1/1 (frame 61/2392) /workspaces/yolo/video/12921779_3840_2160_29fps.mp4: 384x640 9 persons, 147.9ms
video 1/1 (frame 62/2392) /workspaces/yolo/video/12921779_3840_2160_29fps.mp4: 384x640 8 persons, 272.4ms
video 1/1 (frame 63/2392) /workspaces/yolo/video/12921779_3840_2160_29fps.mp4: 384x640 7 persons, 245.1ms
video 1/1 (frame 64/2392) /workspaces/yolo/video/12921779_3840_2160_29fps.mp4: 384x640 9 persons, 177.2ms
video 1/1 (frame 65/2392) /workspaces/yolo/video/12921779_3840_2160_29fps.mp4: 384x640 6 persons, 175.3ms
video 1/1 (frame 66/2392) /workspaces/yolo/video/12921779_3840_2160_29fps.mp4: 384x640 6 persons, 318.6ms
video 1/1 (frame 67/2392) /workspaces/yolo/video/12921779_3840_2160_29fps.mp4: 384x640 10 persons, 408.0ms
video 1/1 (frame 68/2392) /workspaces/yolo/video/12921779_3840_2160_29fps.mp4: 384x640 6 persons, 178.7ms
video 1/1 (frame 69/2392) /workspaces/yolo/video/12921779_3840_2160_29fps.mp4: 384x640 8 persons, 164.3ms
video 1/1 (frame 70/2392) /workspaces/yolo/video/12921779_3840_2160_29fps.mp4: 384x640 8 persons, 200.8ms
video 1/1 (frame 71/2392) /workspaces/yolo/video/12921779_3840_2160_29fps.mp4: 384x640 8 persons, 370.1ms
video 1/1 (frame 72/2392) /workspaces/yolo/video/12921779_3840_2160_29fps.mp4: 384x640 8 persons, 260.0ms
video 1/1 (frame 73/2392) /workspaces/yolo/video/12921779_3840_2160_29fps.mp4: 384x640 11 persons, 160.3ms
video 1/1 (frame 74/2392) /workspaces/yolo/video/12921779_3840_2160_29fps.mp4: 384x640 8 persons, 152.0ms
video 1/1 (frame 75/2392) /workspaces/yolo/video/12921779_3840_2160_29fps.mp4: 384x640 8 persons, 358.6ms
video 1/1 (frame 76/2392) /workspaces/yolo/video/12921779_3840_2160_29fps.mp4: 384x640 9 persons, 289.7ms
video 1/1 (frame 77/2392) /workspaces/yolo/video/12921779_3840_2160_29fps.mp4: 384x640 8 persons, 180.0ms
video 1/1 (frame 78/2392) /workspaces/yolo/video/12921779_3840_2160_29fps.mp4: 384x640 11 persons, 249.1ms
video 1/1 (frame 79/2392) /workspaces/yolo/video/12921779_3840_2160_29fps.mp4: 384x640 11 persons, 238.2ms
video 1/1 (frame 80/2392) /workspaces/yolo/video/12921779_3840_2160_29fps.mp4: 384x640 6 persons, 178.7ms
video 1/1 (frame 81/2392) /workspaces/yolo/video/12921779_3840_2160_29fps.mp4: 384x640 7 persons, 129.5ms
video 1/1 (frame 82/2392) /workspaces/yolo/video/12921779_3840_2160_29fps.mp4: 384x640 7 persons, 395.6ms
video 1/1 (frame 83/2392) /workspaces/yolo/video/12921779_3840_2160_29fps.mp4: 384x640 10 persons, 230.9ms
video 1/1 (frame 84/2392) /workspaces/yolo/video/12921779_3840_2160_29fps.mp4: 384x640 10 persons, 171.1ms
video 1/1 (frame 85/2392) /workspaces/yolo/video/12921779_3840_2160_29fps.mp4: 384x640 8 persons, 180.3ms
video 1/1 (frame 86/2392) /workspaces/yolo/video/12921779_3840_2160_29fps.mp4: 384x640 7 persons, 245.2ms
video 1/1 (frame 87/2392) /workspaces/yolo/video/12921779_3840_2160_29fps.mp4: 384x640 8 persons, 197.7ms
video 1/1 (frame 88/2392) /workspaces/yolo/video/12921779_3840_2160_29fps.mp4: 384x640 10 persons, 262.7ms
video 1/1 (frame 89/2392) /workspaces/yolo/video/12921779_3840_2160_29fps.mp4: 384x640 9 persons, 279.3ms
video 1/1 (frame 90/2392) /workspaces/yolo/video/12921779_3840_2160_29fps.mp4: 384x640 8 persons, 262.6ms
video 1/1 (frame 91/2392) /workspaces/yolo/video/12921779_3840_2160_29fps.mp4: 384x640 10 persons, 245.8ms
video 1/1 (frame 92/2392) /workspaces/yolo/video/12921779_3840_2160_29fps.mp4: 384x640 10 persons, 178.2ms
video 1/1 (frame 93/2392) /workspaces/yolo/video/12921779_3840_2160_29fps.mp4: 384x640 10 persons, 166.5ms
video 1/1 (frame 94/2392) /workspaces/yolo/video/12921779_3840_2160_29fps.mp4: 384x640 7 persons, 470.5ms
video 1/1 (frame 95/2392) /workspaces/yolo/video/12921779_3840_2160_29fps.mp4: 384x640 9 persons, 355.1ms
video 1/1 (frame 96/2392) /workspaces/yolo/video/12921779_3840_2160_29fps.mp4: 384x640 9 persons, 172.4ms
video 1/1 (frame 97/2392) /workspaces/yolo/video/12921779_3840_2160_29fps.mp4: 384x640 7 persons, 176.4ms
video 1/1 (frame 98/2392) /workspaces/yolo/video/12921779_3840_2160_29fps.mp4: 384x640 10 persons, 288.8ms
video 1/1 (frame 99/2392) /workspaces/yolo/video/12921779_3840_2160_29fps.mp4: 384x640 10 persons, 313.3ms
video 1/1 (frame 100/2392) /workspaces/yolo/video/12921779_3840_2160_29fps.mp4: 384x640 10 persons, 167.2ms
  已处理 100/2392 帧，累计总人数: 20
video 1/1 (frame 101/2392) /workspaces/yolo/video/12921779_3840_2160_29fps.mp4: 384x640 10 persons, 164.3ms
video 1/1 (frame 102/2392) /workspaces/yolo/video/12921779_3840_2160_29fps.mp4: 384x640 9 persons, 170.5ms
video 1/1 (frame 103/2392) /workspaces/yolo/video/12921779_3840_2160_29fps.mp4: 384x640 10 persons, 363.4ms
video 1/1 (frame 104/2392) /workspaces/yolo/video/12921779_3840_2160_29fps.mp4: 384x640 8 persons, 376.3ms
video 1/1 (frame 105/2392) /workspaces/yolo/video/12921779_3840_2160_29fps.mp4: 384x640 10 persons, 160.9ms
video 1/1 (frame 106/2392) /workspaces/yolo/video/12921779_3840_2160_29fps.mp4: 384x640 9 persons, 178.6ms
video 1/1 (frame 107/2392) /workspaces/yolo/video/12921779_3840_2160_29fps.mp4: 384x640 9 persons, 240.2ms
video 1/1 (frame 108/2392) /workspaces/yolo/video/12921779_3840_2160_29fps.mp4: 384x640 9 persons, 384.1ms
video 1/1 (frame 109/2392) /workspaces/yolo/video/12921779_3840_2160_29fps.mp4: 384x640 9 persons, 247.2ms
video 1/1 (frame 110/2392) /workspaces/yolo/video/12921779_3840_2160_29fps.mp4: 384x640 8 persons, 263.7ms
video 1/1 (frame 111/2392) /workspaces/yolo/video/12921779_3840_2160_29fps.mp4: 384x640 8 persons, 252.0ms
video 1/1 (frame 112/2392) /workspaces/yolo/video/12921779_3840_2160_29fps.mp4: 384x640 8 persons, 242.1ms
video 1/1 (frame 113/2392) /workspaces/yolo/video/12921779_3840_2160_29fps.mp4: 384x640 8 persons, 368.7ms
video 1/1 (frame 114/2392) /workspaces/yolo/video/12921779_3840_2160_29fps.mp4: 384x640 8 persons, 241.9ms
video 1/1 (frame 115/2392) /workspaces/yolo/video/12921779_3840_2160_29fps.mp4: 384x640 7 persons, 280.1ms
video 1/1 (frame 116/2392) /workspaces/yolo/video/12921779_3840_2160_29fps.mp4: 384x640 6 persons, 287.0ms
video 1/1 (frame 117/2392) /workspaces/yolo/video/12921779_3840_2160_29fps.mp4: 384x640 8 persons, 286.3ms
video 1/1 (frame 118/2392) /workspaces/yolo/video/12921779_3840_2160_29fps.mp4: 384x640 7 persons, 238.1ms
video 1/1 (frame 119/2392) /workspaces/yolo/video/12921779_3840_2160_29fps.mp4: 384x640 9 persons, 163.9ms
video 1/1 (frame 120/2392) /workspaces/yolo/video/12921779_3840_2160_29fps.mp4: 384x640 7 persons, 206.2ms
video 1/1 (frame 121/2392) /workspaces/yolo/video/12921779_3840_2160_29fps.mp4: 384x640 7 persons, 397.4ms
video 1/1 (frame 122/2392) /workspaces/yolo/video/12921779_3840_2160_29fps.mp4: 384x640 7 persons, 249.2ms
video 1/1 (frame 123/2392) /workspaces/yolo/video/12921779_3840_2160_29fps.mp4: 384x640 5 persons, 172.8ms
video 1/1 (frame 124/2392) /workspaces/yolo/video/12921779_3840_2160_29fps.mp4: 384x640 7 persons, 221.4ms
video 1/1 (frame 125/2392) /workspaces/yolo/video/12921779_3840_2160_29fps.mp4: 384x640 8 persons, 288.8ms
video 1/1 (frame 126/2392) /workspaces/yolo/video/12921779_3840_2160_29fps.mp4: 384x640 4 persons, 330.0ms
video 1/1 (frame 127/2392) /workspaces/yolo/video/12921779_3840_2160_29fps.mp4: 384x640 8 persons, 151.2ms
video 1/1 (frame 128/2392) /workspaces/yolo/video/12921779_3840_2160_29fps.mp4: 384x640 6 persons, 174.1ms
video 1/1 (frame 129/2392) /workspaces/yolo/video/12921779_3840_2160_29fps.mp4: 384x640 6 persons, 279.7ms
video 1/1 (frame 130/2392) /workspaces/yolo/video/12921779_3840_2160_29fps.mp4: 384x640 8 persons, 241.9ms
video 1/1 (frame 131/2392) /workspaces/yolo/video/12921779_3840_2160_29fps.mp4: 384x640 10 persons, 170.9ms
video 1/1 (frame 132/2392) /workspaces/yolo/video/12921779_3840_2160_29fps.mp4: 384x640 9 persons, 263.4ms
video 1/1 (frame 133/2392) /workspaces/yolo/video/12921779_3840_2160_29fps.mp4: 384x640 6 persons, 281.9ms
video 1/1 (frame 134/2392) /workspaces/yolo/video/12921779_3840_2160_29fps.mp4: 384x640 6 persons, 250.3ms
video 1/1 (frame 135/2392) /workspaces/yolo/video/12921779_3840_2160_29fps.mp4: 384x640 7 persons, 180.1ms
video 1/1 (frame 136/2392) /workspaces/yolo/video/12921779_3840_2160_29fps.mp4: 384x640 6 persons, 157.4ms
video 1/1 (frame 137/2392) /workspaces/yolo/video/12921779_3840_2160_29fps.mp4: 384x640 6 persons, 241.2ms
video 1/1 (frame 138/2392) /workspaces/yolo/video/12921779_3840_2160_29fps.mp4: 384x640 8 persons, 395.1ms
video 1/1 (frame 139/2392) /workspaces/yolo/video/12921779_3840_2160_29fps.mp4: 384x640 6 persons, 170.4ms
video 1/1 (frame 140/2392) /workspaces/yolo/video/12921779_3840_2160_29fps.mp4: 384x640 5 persons, 162.7ms
video 1/1 (frame 141/2392) /workspaces/yolo/video/12921779_3840_2160_29fps.mp4: 384x640 7 persons, 151.8ms
video 1/1 (frame 142/2392) /workspaces/yolo/video/12921779_3840_2160_29fps.mp4: 384x640 5 persons, 379.3ms
video 1/1 (frame 143/2392) /workspaces/yolo/video/12921779_3840_2160_29fps.mp4: 384x640 6 persons, 257.6ms
video 1/1 (frame 144/2392) /workspaces/yolo/video/12921779_3840_2160_29fps.mp4: 384x640 9 persons, 151.5ms
video 1/1 (frame 145/2392) /workspaces/yolo/video/12921779_3840_2160_29fps.mp4: 384x640 8 persons, 157.5ms
video 1/1 (frame 146/2392) /workspaces/yolo/video/12921779_3840_2160_29fps.mp4: 384x640 7 persons, 341.8ms
video 1/1 (frame 147/2392) /workspaces/yolo/video/12921779_3840_2160_29fps.mp4: 384x640 8 persons, 179.9ms
video 1/1 (frame 148/2392) /workspaces/yolo/video/12921779_3840_2160_29fps.mp4: 384x640 9 persons, 160.4ms
video 1/1 (frame 149/2392) /workspaces/yolo/video/12921779_3840_2160_29fps.mp4: 384x640 9 persons, 274.6ms
video 1/1 (frame 150/2392) /workspaces/yolo/video/12921779_3840_2160_29fps.mp4: 384x640 8 persons, 361.3ms
video 1/1 (frame 151/2392) /workspaces/yolo/video/12921779_3840_2160_29fps.mp4: 384x640 11 persons, 234.3ms
video 1/1 (frame 152/2392) /workspaces/yolo/video/12921779_3840_2160_29fps.mp4: 384x640 8 persons, 147.1ms
video 1/1 (frame 153/2392) /workspaces/yolo/video/12921779_3840_2160_29fps.mp4: 384x640 7 persons, 141.3ms
video 1/1 (frame 154/2392) /workspaces/yolo/video/12921779_3840_2160_29fps.mp4: 384x640 9 persons, 222.9ms
video 1/1 (frame 155/2392) /workspaces/yolo/video/12921779_3840_2160_29fps.mp4: 384x640 6 persons, 416.7ms
video 1/1 (frame 156/2392) /workspaces/yolo/video/12921779_3840_2160_29fps.mp4: 384x640 5 persons, 255.7ms
video 1/1 (frame 157/2392) /workspaces/yolo/video/12921779_3840_2160_29fps.mp4: 384x640 5 persons, 169.1ms
video 1/1 (frame 158/2392) /workspaces/yolo/video/12921779_3840_2160_29fps.mp4: 384x640 8 persons, 161.2ms
video 1/1 (frame 159/2392) /workspaces/yolo/video/12921779_3840_2160_29fps.mp4: 384x640 9 persons, 198.2ms
video 1/1 (frame 160/2392) /workspaces/yolo/video/12921779_3840_2160_29fps.mp4: 384x640 7 persons, 271.0ms
video 1/1 (frame 161/2392) /workspaces/yolo/video/12921779_3840_2160_29fps.mp4: 384x640 6 persons, 245.7ms
video 1/1 (frame 162/2392) /workspaces/yolo/video/12921779_3840_2160_29fps.mp4: 384x640 8 persons, 243.3ms
video 1/1 (frame 163/2392) /workspaces/yolo/video/12921779_3840_2160_29fps.mp4: 384x640 10 persons, 347.4ms
video 1/1 (frame 164/2392) /workspaces/yolo/video/12921779_3840_2160_29fps.mp4: 384x640 10 persons, 300.0ms
video 1/1 (frame 165/2392) /workspaces/yolo/video/12921779_3840_2160_29fps.mp4: 384x640 7 persons, 144.1ms
video 1/1 (frame 166/2392) /workspaces/yolo/video/12921779_3840_2160_29fps.mp4: 384x640 9 persons, 239.7ms
video 1/1 (frame 167/2392) /workspaces/yolo/video/12921779_3840_2160_29fps.mp4: 384x640 9 persons, 236.7ms
video 1/1 (frame 168/2392) /workspaces/yolo/video/12921779_3840_2160_29fps.mp4: 384x640 11 persons, 268.8ms
video 1/1 (frame 169/2392) /workspaces/yolo/video/12921779_3840_2160_29fps.mp4: 384x640 12 persons, 144.3ms
video 1/1 (frame 170/2392) /workspaces/yolo/video/12921779_3840_2160_29fps.mp4: 384x640 9 persons, 195.5ms
video 1/1 (frame 171/2392) /workspaces/yolo/video/12921779_3840_2160_29fps.mp4: 384x640 10 persons, 149.4ms
video 1/1 (frame 172/2392) /workspaces/yolo/video/12921779_3840_2160_29fps.mp4: 384x640 9 persons, 146.2ms
video 1/1 (frame 173/2392) /workspaces/yolo/video/12921779_3840_2160_29fps.mp4: 384x640 9 persons, 116.8ms
video 1/1 (frame 174/2392) /workspaces/yolo/video/12921779_3840_2160_29fps.mp4: 384x640 9 persons, 320.1ms
video 1/1 (frame 175/2392) /workspaces/yolo/video/12921779_3840_2160_29fps.mp4: 384x640 8 persons, 276.3ms
video 1/1 (frame 176/2392) /workspaces/yolo/video/12921779_3840_2160_29fps.mp4: 384x640 7 persons, 210.7ms
video 1/1 (frame 177/2392) /workspaces/yolo/video/12921779_3840_2160_29fps.mp4: 384x640 8 persons, 239.8ms
video 1/1 (frame 178/2392) /workspaces/yolo/video/12921779_3840_2160_29fps.mp4: 384x640 8 persons, 117.5ms
video 1/1 (frame 179/2392) /workspaces/yolo/video/12921779_3840_2160_29fps.mp4: 384x640 7 persons, 204.2ms
video 1/1 (frame 180/2392) /workspaces/yolo/video/12921779_3840_2160_29fps.mp4: 384x640 7 persons, 230.1ms
video 1/1 (frame 181/2392) /workspaces/yolo/video/12921779_3840_2160_29fps.mp4: 384x640 8 persons, 170.6ms
video 1/1 (frame 182/2392) /workspaces/yolo/video/12921779_3840_2160_29fps.mp4: 384x640 9 persons, 183.5ms
video 1/1 (frame 183/2392) /workspaces/yolo/video/12921779_3840_2160_29fps.mp4: 384x640 9 persons, 191.7ms
video 1/1 (frame 184/2392) /workspaces/yolo/video/12921779_3840_2160_29fps.mp4: 384x640 11 persons, 448.9ms
video 1/1 (frame 185/2392) /workspaces/yolo/video/12921779_3840_2160_29fps.mp4: 384x640 10 persons, 152.6ms
video 1/1 (frame 186/2392) /workspaces/yolo/video/12921779_3840_2160_29fps.mp4: 384x640 11 persons, 160.0ms
video 1/1 (frame 187/2392) /workspaces/yolo/video/12921779_3840_2160_29fps.mp4: 384x640 10 persons, 157.7ms
video 1/1 (frame 188/2392) /workspaces/yolo/video/12921779_3840_2160_29fps.mp4: 384x640 11 persons, 397.2ms
video 1/1 (frame 189/2392) /workspaces/yolo/video/12921779_3840_2160_29fps.mp4: 384x640 11 persons, 382.3ms
video 1/1 (frame 190/2392) /workspaces/yolo/video/12921779_3840_2160_29fps.mp4: 384x640 11 persons, 151.0ms
video 1/1 (frame 191/2392) /workspaces/yolo/video/12921779_3840_2160_29fps.mp4: 384x640 9 persons, 153.8ms
video 1/1 (frame 192/2392) /workspaces/yolo/video/12921779_3840_2160_29fps.mp4: 384x640 10 persons, 186.1ms
video 1/1 (frame 193/2392) /workspaces/yolo/video/12921779_3840_2160_29fps.mp4: 384x640 10 persons, 295.1ms
video 1/1 (frame 194/2392) /workspaces/yolo/video/12921779_3840_2160_29fps.mp4: 384x640 10 persons, 266.0ms
video 1/1 (frame 195/2392) /workspaces/yolo/video/12921779_3840_2160_29fps.mp4: 384x640 9 persons, 151.3ms
video 1/1 (frame 196/2392) /workspaces/yolo/video/12921779_3840_2160_29fps.mp4: 384x640 9 persons, 272.7ms
video 1/1 (frame 197/2392) /workspaces/yolo/video/12921779_3840_2160_29fps.mp4: 384x640 9 persons, 203.9ms
video 1/1 (frame 198/2392) /workspaces/yolo/video/12921779_3840_2160_29fps.mp4: 384x640 8 persons, 188.9ms
video 1/1 (frame 199/2392) /workspaces/yolo/video/12921779_3840_2160_29fps.mp4: 384x640 10 persons, 106.5ms
video 1/1 (frame 200/2392) /workspaces/yolo/video/12921779_3840_2160_29fps.mp4: 384x640 10 persons, 132.9ms
  已处理 200/2392 帧，累计总人数: 30
video 1/1 (frame 201/2392) /workspaces/yolo/video/12921779_3840_2160_29fps.mp4: 384x640 10 persons, 111.2ms
video 1/1 (frame 202/2392) /workspaces/yolo/video/12921779_3840_2160_29fps.mp4: 384x640 9 persons, 107.3ms
video 1/1 (frame 203/2392) /workspaces/yolo/video/12921779_3840_2160_29fps.mp4: 384x640 9 persons, 112.4ms
video 1/1 (frame 204/2392) /workspaces/yolo/video/12921779_3840_2160_29fps.mp4: 384x640 10 persons, 189.1ms
video 1/1 (frame 205/2392) /workspaces/yolo/video/12921779_3840_2160_29fps.mp4: 384x640 10 persons, 139.0ms
video 1/1 (frame 206/2392) /workspaces/yolo/video/12921779_3840_2160_29fps.mp4: 384x640 11 persons, 138.1ms
video 1/1 (frame 207/2392) /workspaces/yolo/video/12921779_3840_2160_29fps.mp4: 384x640 11 persons, 110.5ms
video 1/1 (frame 208/2392) /workspaces/yolo/video/12921779_3840_2160_29fps.mp4: 384x640 10 persons, 127.4ms
video 1/1 (frame 209/2392) /workspaces/yolo/video/12921779_3840_2160_29fps.mp4: 384x640 11 persons, 182.9ms
video 1/1 (frame 210/2392) /workspaces/yolo/video/12921779_3840_2160_29fps.mp4: 384x640 10 persons, 129.2ms
video 1/1 (frame 211/2392) /workspaces/yolo/video/12921779_3840_2160_29fps.mp4: 384x640 11 persons, 146.3ms
video 1/1 (frame 212/2392) /workspaces/yolo/video/12921779_3840_2160_29fps.mp4: 384x640 8 persons, 259.9ms
video 1/1 (frame 213/2392) /workspaces/yolo/video/12921779_3840_2160_29fps.mp4: 384x640 10 persons, 303.9ms
video 1/1 (frame 214/2392) /workspaces/yolo/video/12921779_3840_2160_29fps.mp4: 384x640 10 persons, 143.6ms
video 1/1 (frame 215/2392) /workspaces/yolo/video/12921779_3840_2160_29fps.mp4: 384x640 10 persons, 145.4ms
video 1/1 (frame 216/2392) /workspaces/yolo/video/12921779_3840_2160_29fps.mp4: 384x640 8 persons, 222.8ms
video 1/1 (frame 217/2392) /workspaces/yolo/video/12921779_3840_2160_29fps.mp4: 384x640 10 persons, 265.0ms
video 1/1 (frame 218/2392) /workspaces/yolo/video/12921779_3840_2160_29fps.mp4: 384x640 10 persons, 278.4ms
video 1/1 (frame 219/2392) /workspaces/yolo/video/12921779_3840_2160_29fps.mp4: 384x640 11 persons, 376.4ms
video 1/1 (frame 220/2392) /workspaces/yolo/video/12921779_3840_2160_29fps.mp4: 384x640 10 persons, 317.6ms
video 1/1 (frame 221/2392) /workspaces/yolo/video/12921779_3840_2160_29fps.mp4: 384x640 11 persons, 393.1ms
video 1/1 (frame 222/2392) /workspaces/yolo/video/12921779_3840_2160_29fps.mp4: 384x640 10 persons, 149.9ms
video 1/1 (frame 223/2392) /workspaces/yolo/video/12921779_3840_2160_29fps.mp4: 384x640 12 persons, 150.7ms
video 1/1 (frame 224/2392) /workspaces/yolo/video/12921779_3840_2160_29fps.mp4: 384x640 10 persons, 421.1ms
video 1/1 (frame 225/2392) /workspaces/yolo/video/12921779_3840_2160_29fps.mp4: 384x640 9 persons, 317.4ms
video 1/1 (frame 226/2392) /workspaces/yolo/video/12921779_3840_2160_29fps.mp4: 384x640 9 persons, 101.6ms
video 1/1 (frame 227/2392) /workspaces/yolo/video/12921779_3840_2160_29fps.mp4: 384x640 9 persons, 124.0ms
video 1/1 (frame 228/2392) /workspaces/yolo/video/12921779_3840_2160_29fps.mp4: 384x640 9 persons, 136.9ms
video 1/1 (frame 229/2392) /workspaces/yolo/video/12921779_3840_2160_29fps.mp4: 384x640 9 persons, 104.3ms
video 1/1 (frame 230/2392) /workspaces/yolo/video/12921779_3840_2160_29fps.mp4: 384x640 9 persons, 157.9ms
video 1/1 (frame 231/2392) /workspaces/yolo/video/12921779_3840_2160_29fps.mp4: 384x640 9 persons, 193.5ms
video 1/1 (frame 232/2392) /workspaces/yolo/video/12921779_3840_2160_29fps.mp4: 384x640 10 persons, 157.1ms
video 1/1 (frame 233/2392) /workspaces/yolo/video/12921779_3840_2160_29fps.mp4: 384x640 10 persons, 110.6ms
video 1/1 (frame 234/2392) /workspaces/yolo/video/12921779_3840_2160_29fps.mp4: 384x640 10 persons, 129.9ms
video 1/1 (frame 235/2392) /workspaces/yolo/video/12921779_3840_2160_29fps.mp4: 384x640 9 persons, 134.8ms
video 1/1 (frame 236/2392) /workspaces/yolo/video/12921779_3840_2160_29fps.mp4: 384x640 10 persons, 265.3ms
video 1/1 (frame 237/2392) /workspaces/yolo/video/12921779_3840_2160_29fps.mp4: 384x640 9 persons, 296.1ms
video 1/1 (frame 238/2392) /workspaces/yolo/video/12921779_3840_2160_29fps.mp4: 384x640 10 persons, 184.0ms
video 1/1 (frame 239/2392) /workspaces/yolo/video/12921779_3840_2160_29fps.mp4: 384x640 12 persons, 166.4ms
video 1/1 (frame 240/2392) /workspaces/yolo/video/12921779_3840_2160_29fps.mp4: 384x640 11 persons, 335.5ms
video 1/1 (frame 241/2392) /workspaces/yolo/video/12921779_3840_2160_29fps.mp4: 384x640 10 persons, 207.8ms
video 1/1 (frame 242/2392) /workspaces/yolo/video/12921779_3840_2160_29fps.mp4: 384x640 10 persons, 174.4ms
video 1/1 (frame 243/2392) /workspaces/yolo/video/12921779_3840_2160_29fps.mp4: 384x640 10 persons, 158.0ms
video 1/1 (frame 244/2392) /workspaces/yolo/video/12921779_3840_2160_29fps.mp4: 384x640 8 persons, 198.9ms
video 1/1 (frame 245/2392) /workspaces/yolo/video/12921779_3840_2160_29fps.mp4: 384x640 9 persons, 361.7ms
video 1/1 (frame 246/2392) /workspaces/yolo/video/12921779_3840_2160_29fps.mp4: 384x640 8 persons, 197.2ms
video 1/1 (frame 247/2392) /workspaces/yolo/video/12921779_3840_2160_29fps.mp4: 384x640 8 persons, 270.1ms
video 1/1 (frame 248/2392) /workspaces/yolo/video/12921779_3840_2160_29fps.mp4: 384x640 9 persons, 330.6ms
video 1/1 (frame 249/2392) /workspaces/yolo/video/12921779_3840_2160_29fps.mp4: 384x640 9 persons, 381.2ms
video 1/1 (frame 250/2392) /workspaces/yolo/video/12921779_3840_2160_29fps.mp4: 384x640 10 persons, 167.6ms
video 1/1 (frame 251/2392) /workspaces/yolo/video/12921779_3840_2160_29fps.mp4: 384x640 12 persons, 143.0ms
video 1/1 (frame 252/2392) /workspaces/yolo/video/12921779_3840_2160_29fps.mp4: 384x640 12 persons, 147.9ms
video 1/1 (frame 253/2392) /workspaces/yolo/video/12921779_3840_2160_29fps.mp4: 384x640 10 persons, 347.9ms
video 1/1 (frame 254/2392) /workspaces/yolo/video/12921779_3840_2160_29fps.mp4: 384x640 11 persons, 288.4ms
video 1/1 (frame 255/2392) /workspaces/yolo/video/12921779_3840_2160_29fps.mp4: 384x640 10 persons, 151.3ms
video 1/1 (frame 256/2392) /workspaces/yolo/video/12921779_3840_2160_29fps.mp4: 384x640 12 persons, 244.2ms
video 1/1 (frame 257/2392) /workspaces/yolo/video/12921779_3840_2160_29fps.mp4: 384x640 10 persons, 279.1ms
video 1/1 (frame 258/2392) /workspaces/yolo/video/12921779_3840_2160_29fps.mp4: 384x640 10 persons, 293.5ms
video 1/1 (frame 259/2392) /workspaces/yolo/video/12921779_3840_2160_29fps.mp4: 384x640 12 persons, 148.7ms
video 1/1 (frame 260/2392) /workspaces/yolo/video/12921779_3840_2160_29fps.mp4: 384x640 10 persons, 169.0ms
video 1/1 (frame 261/2392) /workspaces/yolo/video/12921779_3840_2160_29fps.mp4: 384x640 10 persons, 209.4ms
video 1/1 (frame 262/2392) /workspaces/yolo/video/12921779_3840_2160_29fps.mp4: 384x640 11 persons, 289.9ms
video 1/1 (frame 263/2392) /workspaces/yolo/video/12921779_3840_2160_29fps.mp4: 384x640 9 persons, 291.3ms
video 1/1 (frame 264/2392) /workspaces/yolo/video/12921779_3840_2160_29fps.mp4: 384x640 10 persons, 171.9ms
video 1/1 (frame 265/2392) /workspaces/yolo/video/12921779_3840_2160_29fps.mp4: 384x640 10 persons, 200.6ms
video 1/1 (frame 266/2392) /workspaces/yolo/video/12921779_3840_2160_29fps.mp4: 384x640 9 persons, 115.1ms
video 1/1 (frame 267/2392) /workspaces/yolo/video/12921779_3840_2160_29fps.mp4: 384x640 9 persons, 101.7ms
video 1/1 (frame 268/2392) /workspaces/yolo/video/12921779_3840_2160_29fps.mp4: 384x640 9 persons, 140.6ms
video 1/1 (frame 269/2392) /workspaces/yolo/video/12921779_3840_2160_29fps.mp4: 384x640 11 persons, 208.5ms
video 1/1 (frame 270/2392) /workspaces/yolo/video/12921779_3840_2160_29fps.mp4: 384x640 11 persons, 134.7ms
video 1/1 (frame 271/2392) /workspaces/yolo/video/12921779_3840_2160_29fps.mp4: 384x640 12 persons, 141.3ms
video 1/1 (frame 272/2392) /workspaces/yolo/video/12921779_3840_2160_29fps.mp4: 384x640 13 persons, 106.3ms
video 1/1 (frame 273/2392) /workspaces/yolo/video/12921779_3840_2160_29fps.mp4: 384x640 11 persons, 117.4ms
video 1/1 (frame 274/2392) /workspaces/yolo/video/12921779_3840_2160_29fps.mp4: 384x640 11 persons, 122.0ms
video 1/1 (frame 275/2392) /workspaces/yolo/video/12921779_3840_2160_29fps.mp4: 384x640 12 persons, 165.4ms
video 1/1 (frame 276/2392) /workspaces/yolo/video/12921779_3840_2160_29fps.mp4: 384x640 13 persons, 115.2ms
video 1/1 (frame 277/2392) /workspaces/yolo/video/12921779_3840_2160_29fps.mp4: 384x640 14 persons, 122.5ms
video 1/1 (frame 278/2392) /workspaces/yolo/video/12921779_3840_2160_29fps.mp4: 384x640 13 persons, 111.7ms
video 1/1 (frame 279/2392) /workspaces/yolo/video/12921779_3840_2160_29fps.mp4: 384x640 12 persons, 114.4ms
video 1/1 (frame 280/2392) /workspaces/yolo/video/12921779_3840_2160_29fps.mp4: 384x640 11 persons, 177.2ms
video 1/1 (frame 281/2392) /workspaces/yolo/video/12921779_3840_2160_29fps.mp4: 384x640 12 persons, 143.0ms
video 1/1 (frame 282/2392) /workspaces/yolo/video/12921779_3840_2160_29fps.mp4: 384x640 12 persons, 127.4ms
video 1/1 (frame 283/2392) /workspaces/yolo/video/12921779_3840_2160_29fps.mp4: 384x640 9 persons, 104.4ms
video 1/1 (frame 284/2392) /workspaces/yolo/video/12921779_3840_2160_29fps.mp4: 384x640 8 persons, 110.1ms
video 1/1 (frame 285/2392) /workspaces/yolo/video/12921779_3840_2160_29fps.mp4: 384x640 7 persons, 143.7ms
video 1/1 (frame 286/2392) /workspaces/yolo/video/12921779_3840_2160_29fps.mp4: 384x640 7 persons, 131.3ms
video 1/1 (frame 287/2392) /workspaces/yolo/video/12921779_3840_2160_29fps.mp4: 384x640 8 persons, 100.2ms
video 1/1 (frame 288/2392) /workspaces/yolo/video/12921779_3840_2160_29fps.mp4: 384x640 10 persons, 128.8ms
video 1/1 (frame 289/2392) /workspaces/yolo/video/12921779_3840_2160_29fps.mp4: 384x640 11 persons, 113.7ms
video 1/1 (frame 290/2392) /workspaces/yolo/video/12921779_3840_2160_29fps.mp4: 384x640 8 persons, 112.3ms
video 1/1 (frame 291/2392) /workspaces/yolo/video/12921779_3840_2160_29fps.mp4: 384x640 10 persons, 156.0ms
video 1/1 (frame 292/2392) /workspaces/yolo/video/12921779_3840_2160_29fps.mp4: 384x640 7 persons, 274.5ms
video 1/1 (frame 293/2392) /workspaces/yolo/video/12921779_3840_2160_29fps.mp4: 384x640 11 persons, 193.6ms
video 1/1 (frame 294/2392) /workspaces/yolo/video/12921779_3840_2160_29fps.mp4: 384x640 11 persons, 278.0ms
video 1/1 (frame 295/2392) /workspaces/yolo/video/12921779_3840_2160_29fps.mp4: 384x640 8 persons, 277.2ms
video 1/1 (frame 296/2392) /workspaces/yolo/video/12921779_3840_2160_29fps.mp4: 384x640 8 persons, 325.2ms
video 1/1 (frame 297/2392) /workspaces/yolo/video/12921779_3840_2160_29fps.mp4: 384x640 11 persons, 187.1ms
video 1/1 (frame 298/2392) /workspaces/yolo/video/12921779_3840_2160_29fps.mp4: 384x640 13 persons, 122.5ms
video 1/1 (frame 299/2392) /workspaces/yolo/video/12921779_3840_2160_29fps.mp4: 384x640 10 persons, 115.8ms
video 1/1 (frame 300/2392) /workspaces/yolo/video/12921779_3840_2160_29fps.mp4: 384x640 11 persons, 193.8ms
  已处理 300/2392 帧，累计总人数: 43
video 1/1 (frame 301/2392) /workspaces/yolo/video/12921779_3840_2160_29fps.mp4: 384x640 10 persons, 129.0ms
video 1/1 (frame 302/2392) /workspaces/yolo/video/12921779_3840_2160_29fps.mp4: 384x640 10 persons, 108.9ms
video 1/1 (frame 303/2392) /workspaces/yolo/video/12921779_3840_2160_29fps.mp4: 384x640 9 persons, 105.0ms
video 1/1 (frame 304/2392) /workspaces/yolo/video/12921779_3840_2160_29fps.mp4: 384x640 10 persons, 120.2ms
video 1/1 (frame 305/2392) /workspaces/yolo/video/12921779_3840_2160_29fps.mp4: 384x640 9 persons, 160.2ms
video 1/1 (frame 306/2392) /workspaces/yolo/video/12921779_3840_2160_29fps.mp4: 384x640 9 persons, 240.5ms
video 1/1 (frame 307/2392) /workspaces/yolo/video/12921779_3840_2160_29fps.mp4: 384x640 12 persons, 110.3ms
video 1/1 (frame 308/2392) /workspaces/yolo/video/12921779_3840_2160_29fps.mp4: 384x640 11 persons, 121.2ms
video 1/1 (frame 309/2392) /workspaces/yolo/video/12921779_3840_2160_29fps.mp4: 384x640 9 persons, 158.2ms
video 1/1 (frame 310/2392) /workspaces/yolo/video/12921779_3840_2160_29fps.mp4: 384x640 10 persons, 153.1ms
video 1/1 (frame 311/2392) /workspaces/yolo/video/12921779_3840_2160_29fps.mp4: 384x640 10 persons, 174.2ms
video 1/1 (frame 312/2392) /workspaces/yolo/video/12921779_3840_2160_29fps.mp4: 384x640 11 persons, 159.1ms
video 1/1 (frame 313/2392) /workspaces/yolo/video/12921779_3840_2160_29fps.mp4: 384x640 12 persons, 126.0ms
video 1/1 (frame 314/2392) /workspaces/yolo/video/12921779_3840_2160_29fps.mp4: 384x640 13 persons, 106.6ms
video 1/1 (frame 315/2392) /workspaces/yolo/video/12921779_3840_2160_29fps.mp4: 384x640 14 persons, 159.1ms
video 1/1 (frame 316/2392) /workspaces/yolo/video/12921779_3840_2160_29fps.mp4: 384x640 13 persons, 177.4ms
video 1/1 (frame 317/2392) /workspaces/yolo/video/12921779_3840_2160_29fps.mp4: 384x640 14 persons, 299.5ms
video 1/1 (frame 318/2392) /workspaces/yolo/video/12921779_3840_2160_29fps.mp4: 384x640 15 persons, 124.6ms
video 1/1 (frame 319/2392) /workspaces/yolo/video/12921779_3840_2160_29fps.mp4: 384x640 16 persons, 103.1ms
video 1/1 (frame 320/2392) /workspaces/yolo/video/12921779_3840_2160_29fps.mp4: 384x640 10 persons, 116.9ms
video 1/1 (frame 321/2392) /workspaces/yolo/video/12921779_3840_2160_29fps.mp4: 384x640 11 persons, 119.8ms
video 1/1 (frame 322/2392) /workspaces/yolo/video/12921779_3840_2160_29fps.mp4: 384x640 11 persons, 144.8ms
video 1/1 (frame 323/2392) /workspaces/yolo/video/12921779_3840_2160_29fps.mp4: 384x640 13 persons, 156.2ms
video 1/1 (frame 324/2392) /workspaces/yolo/video/12921779_3840_2160_29fps.mp4: 384x640 14 persons, 130.1ms
video 1/1 (frame 325/2392) /workspaces/yolo/video/12921779_3840_2160_29fps.mp4: 384x640 11 persons, 120.9ms
video 1/1 (frame 326/2392) /workspaces/yolo/video/12921779_3840_2160_29fps.mp4: 384x640 13 persons, 110.4ms
video 1/1 (frame 327/2392) /workspaces/yolo/video/12921779_3840_2160_29fps.mp4: 384x640 13 persons, 111.1ms
video 1/1 (frame 328/2392) /workspaces/yolo/video/12921779_3840_2160_29fps.mp4: 384x640 13 persons, 200.0ms
video 1/1 (frame 329/2392) /workspaces/yolo/video/12921779_3840_2160_29fps.mp4: 384x640 13 persons, 119.9ms
video 1/1 (frame 330/2392) /workspaces/yolo/video/12921779_3840_2160_29fps.mp4: 384x640 12 persons, 115.6ms
video 1/1 (frame 331/2392) /workspaces/yolo/video/12921779_3840_2160_29fps.mp4: 384x640 12 persons, 114.9ms
video 1/1 (frame 332/2392) /workspaces/yolo/video/12921779_3840_2160_29fps.mp4: 384x640 11 persons, 117.8ms
video 1/1 (frame 333/2392) /workspaces/yolo/video/12921779_3840_2160_29fps.mp4: 384x640 13 persons, 227.3ms
video 1/1 (frame 334/2392) /workspaces/yolo/video/12921779_3840_2160_29fps.mp4: 384x640 13 persons, 188.8ms
video 1/1 (frame 335/2392) /workspaces/yolo/video/12921779_3840_2160_29fps.mp4: 384x640 13 persons, 109.1ms
video 1/1 (frame 336/2392) /workspaces/yolo/video/12921779_3840_2160_29fps.mp4: 384x640 11 persons, 162.6ms
video 1/1 (frame 337/2392) /workspaces/yolo/video/12921779_3840_2160_29fps.mp4: 384x640 11 persons, 121.2ms
video 1/1 (frame 338/2392) /workspaces/yolo/video/12921779_3840_2160_29fps.mp4: 384x640 11 persons, 108.8ms
video 1/1 (frame 339/2392) /workspaces/yolo/video/12921779_3840_2160_29fps.mp4: 384x640 12 persons, 154.0ms
video 1/1 (frame 340/2392) /workspaces/yolo/video/12921779_3840_2160_29fps.mp4: 384x640 12 persons, 158.8ms
video 1/1 (frame 341/2392) /workspaces/yolo/video/12921779_3840_2160_29fps.mp4: 384x640 12 persons, 122.0ms
video 1/1 (frame 342/2392) /workspaces/yolo/video/12921779_3840_2160_29fps.mp4: 384x640 11 persons, 156.7ms
video 1/1 (frame 343/2392) /workspaces/yolo/video/12921779_3840_2160_29fps.mp4: 384x640 12 persons, 107.5ms
video 1/1 (frame 344/2392) /workspaces/yolo/video/12921779_3840_2160_29fps.mp4: 384x640 11 persons, 195.7ms
video 1/1 (frame 345/2392) /workspaces/yolo/video/12921779_3840_2160_29fps.mp4: 384x640 11 persons, 138.5ms
video 1/1 (frame 346/2392) /workspaces/yolo/video/12921779_3840_2160_29fps.mp4: 384x640 11 persons, 148.4ms
video 1/1 (frame 347/2392) /workspaces/yolo/video/12921779_3840_2160_29fps.mp4: 384x640 10 persons, 191.2ms
video 1/1 (frame 348/2392) /workspaces/yolo/video/12921779_3840_2160_29fps.mp4: 384x640 9 persons, 122.7ms
video 1/1 (frame 349/2392) /workspaces/yolo/video/12921779_3840_2160_29fps.mp4: 384x640 12 persons, 190.8ms
video 1/1 (frame 350/2392) /workspaces/yolo/video/12921779_3840_2160_29fps.mp4: 384x640 9 persons, 220.4ms
video 1/1 (frame 351/2392) /workspaces/yolo/video/12921779_3840_2160_29fps.mp4: 384x640 12 persons, 119.3ms
video 1/1 (frame 352/2392) /workspaces/yolo/video/12921779_3840_2160_29fps.mp4: 384x640 11 persons, 429.1ms
video 1/1 (frame 353/2392) /workspaces/yolo/video/12921779_3840_2160_29fps.mp4: 384x640 12 persons, 115.4ms
video 1/1 (frame 354/2392) /workspaces/yolo/video/12921779_3840_2160_29fps.mp4: 384x640 11 persons, 149.4ms
video 1/1 (frame 355/2392) /workspaces/yolo/video/12921779_3840_2160_29fps.mp4: 384x640 12 persons, 126.8ms
video 1/1 (frame 356/2392) /workspaces/yolo/video/12921779_3840_2160_29fps.mp4: 384x640 11 persons, 119.2ms
video 1/1 (frame 357/2392) /workspaces/yolo/video/12921779_3840_2160_29fps.mp4: 384x640 12 persons, 119.3ms
video 1/1 (frame 358/2392) /workspaces/yolo/video/12921779_3840_2160_29fps.mp4: 384x640 13 persons, 109.8ms
video 1/1 (frame 359/2392) /workspaces/yolo/video/12921779_3840_2160_29fps.mp4: 384x640 12 persons, 136.0ms
video 1/1 (frame 360/2392) /workspaces/yolo/video/12921779_3840_2160_29fps.mp4: 384x640 12 persons, 184.6ms
video 1/1 (frame 361/2392) /workspaces/yolo/video/12921779_3840_2160_29fps.mp4: 384x640 12 persons, 176.8ms
video 1/1 (frame 362/2392) /workspaces/yolo/video/12921779_3840_2160_29fps.mp4: 384x640 12 persons, 108.9ms
video 1/1 (frame 363/2392) /workspaces/yolo/video/12921779_3840_2160_29fps.mp4: 384x640 14 persons, 106.6ms
video 1/1 (frame 364/2392) /workspaces/yolo/video/12921779_3840_2160_29fps.mp4: 384x640 11 persons, 123.7ms
video 1/1 (frame 365/2392) /workspaces/yolo/video/12921779_3840_2160_29fps.mp4: 384x640 14 persons, 116.4ms
video 1/1 (frame 366/2392) /workspaces/yolo/video/12921779_3840_2160_29fps.mp4: 384x640 13 persons, 228.8ms
video 1/1 (frame 367/2392) /workspaces/yolo/video/12921779_3840_2160_29fps.mp4: 384x640 11 persons, 197.3ms
video 1/1 (frame 368/2392) /workspaces/yolo/video/12921779_3840_2160_29fps.mp4: 384x640 11 persons, 225.3ms
video 1/1 (frame 369/2392) /workspaces/yolo/video/12921779_3840_2160_29fps.mp4: 384x640 11 persons, 164.6ms
video 1/1 (frame 370/2392) /workspaces/yolo/video/12921779_3840_2160_29fps.mp4: 384x640 12 persons, 169.6ms
video 1/1 (frame 371/2392) /workspaces/yolo/video/12921779_3840_2160_29fps.mp4: 384x640 13 persons, 212.1ms
video 1/1 (frame 372/2392) /workspaces/yolo/video/12921779_3840_2160_29fps.mp4: 384x640 12 persons, 211.7ms
video 1/1 (frame 373/2392) /workspaces/yolo/video/12921779_3840_2160_29fps.mp4: 384x640 12 persons, 171.8ms
video 1/1 (frame 374/2392) /workspaces/yolo/video/12921779_3840_2160_29fps.mp4: 384x640 11 persons, 166.4ms
video 1/1 (frame 375/2392) /workspaces/yolo/video/12921779_3840_2160_29fps.mp4: 384x640 11 persons, 196.5ms
video 1/1 (frame 376/2392) /workspaces/yolo/video/12921779_3840_2160_29fps.mp4: 384x640 12 persons, 265.3ms
video 1/1 (frame 377/2392) /workspaces/yolo/video/12921779_3840_2160_29fps.mp4: 384x640 13 persons, 174.0ms
video 1/1 (frame 378/2392) /workspaces/yolo/video/12921779_3840_2160_29fps.mp4: 384x640 13 persons, 169.6ms
video 1/1 (frame 379/2392) /workspaces/yolo/video/12921779_3840_2160_29fps.mp4: 384x640 13 persons, 193.5ms
video 1/1 (frame 380/2392) /workspaces/yolo/video/12921779_3840_2160_29fps.mp4: 384x640 11 persons, 159.5ms
video 1/1 (frame 381/2392) /workspaces/yolo/video/12921779_3840_2160_29fps.mp4: 384x640 11 persons, 157.4ms
video 1/1 (frame 382/2392) /workspaces/yolo/video/12921779_3840_2160_29fps.mp4: 384x640 13 persons, 147.2ms
video 1/1 (frame 383/2392) /workspaces/yolo/video/12921779_3840_2160_29fps.mp4: 384x640 13 persons, 300.8ms
video 1/1 (frame 384/2392) /workspaces/yolo/video/12921779_3840_2160_29fps.mp4: 384x640 15 persons, 165.8ms
video 1/1 (frame 385/2392) /workspaces/yolo/video/12921779_3840_2160_29fps.mp4: 384x640 15 persons, 173.9ms
video 1/1 (frame 386/2392) /workspaces/yolo/video/12921779_3840_2160_29fps.mp4: 384x640 13 persons, 154.2ms
video 1/1 (frame 387/2392) /workspaces/yolo/video/12921779_3840_2160_29fps.mp4: 384x640 13 persons, 231.8ms
video 1/1 (frame 388/2392) /workspaces/yolo/video/12921779_3840_2160_29fps.mp4: 384x640 11 persons, 176.3ms
video 1/1 (frame 389/2392) /workspaces/yolo/video/12921779_3840_2160_29fps.mp4: 384x640 12 persons, 146.5ms
video 1/1 (frame 390/2392) /workspaces/yolo/video/12921779_3840_2160_29fps.mp4: 384x640 14 persons, 174.6ms
video 1/1 (frame 391/2392) /workspaces/yolo/video/12921779_3840_2160_29fps.mp4: 384x640 12 persons, 258.4ms
video 1/1 (frame 392/2392) /workspaces/yolo/video/12921779_3840_2160_29fps.mp4: 384x640 12 persons, 174.6ms
video 1/1 (frame 393/2392) /workspaces/yolo/video/12921779_3840_2160_29fps.mp4: 384x640 12 persons, 140.4ms
video 1/1 (frame 394/2392) /workspaces/yolo/video/12921779_3840_2160_29fps.mp4: 384x640 12 persons, 160.3ms
video 1/1 (frame 395/2392) /workspaces/yolo/video/12921779_3840_2160_29fps.mp4: 384x640 11 persons, 206.8ms
video 1/1 (frame 396/2392) /workspaces/yolo/video/12921779_3840_2160_29fps.mp4: 384x640 11 persons, 197.8ms
video 1/1 (frame 397/2392) /workspaces/yolo/video/12921779_3840_2160_29fps.mp4: 384x640 12 persons, 184.5ms
video 1/1 (frame 398/2392) /workspaces/yolo/video/12921779_3840_2160_29fps.mp4: 384x640 13 persons, 185.0ms
video 1/1 (frame 399/2392) /workspaces/yolo/video/12921779_3840_2160_29fps.mp4: 384x640 11 persons, 301.9ms
video 1/1 (frame 400/2392) /workspaces/yolo/video/12921779_3840_2160_29fps.mp4: 384x640 11 persons, 174.3ms
  已处理 400/2392 帧，累计总人数: 51
video 1/1 (frame 401/2392) /workspaces/yolo/video/12921779_3840_2160_29fps.mp4: 384x640 10 persons, 214.6ms
video 1/1 (frame 402/2392) /workspaces/yolo/video/12921779_3840_2160_29fps.mp4: 384x640 13 persons, 175.9ms
video 1/1 (frame 403/2392) /workspaces/yolo/video/12921779_3840_2160_29fps.mp4: 384x640 13 persons, 178.9ms
video 1/1 (frame 404/2392) /workspaces/yolo/video/12921779_3840_2160_29fps.mp4: 384x640 11 persons, 160.6ms
video 1/1 (frame 405/2392) /workspaces/yolo/video/12921779_3840_2160_29fps.mp4: 384x640 12 persons, 146.3ms
video 1/1 (frame 406/2392) /workspaces/yolo/video/12921779_3840_2160_29fps.mp4: 384x640 13 persons, 151.6ms
video 1/1 (frame 407/2392) /workspaces/yolo/video/12921779_3840_2160_29fps.mp4: 384x640 11 persons, 239.3ms
video 1/1 (frame 408/2392) /workspaces/yolo/video/12921779_3840_2160_29fps.mp4: 384x640 11 persons, 176.3ms
video 1/1 (frame 409/2392) /workspaces/yolo/video/12921779_3840_2160_29fps.mp4: 384x640 11 persons, 147.0ms
video 1/1 (frame 410/2392) /workspaces/yolo/video/12921779_3840_2160_29fps.mp4: 384x640 13 persons, 147.2ms
video 1/1 (frame 411/2392) /workspaces/yolo/video/12921779_3840_2160_29fps.mp4: 384x640 14 persons, 217.0ms
video 1/1 (frame 412/2392) /workspaces/yolo/video/12921779_3840_2160_29fps.mp4: 384x640 12 persons, 184.0ms
video 1/1 (frame 413/2392) /workspaces/yolo/video/12921779_3840_2160_29fps.mp4: 384x640 12 persons, 196.1ms
video 1/1 (frame 414/2392) /workspaces/yolo/video/12921779_3840_2160_29fps.mp4: 384x640 12 persons, 174.1ms
video 1/1 (frame 415/2392) /workspaces/yolo/video/12921779_3840_2160_29fps.mp4: 384x640 13 persons, 391.8ms
video 1/1 (frame 416/2392) /workspaces/yolo/video/12921779_3840_2160_29fps.mp4: 384x640 14 persons, 242.4ms
video 1/1 (frame 417/2392) /workspaces/yolo/video/12921779_3840_2160_29fps.mp4: 384x640 14 persons, 163.1ms
video 1/1 (frame 418/2392) /workspaces/yolo/video/12921779_3840_2160_29fps.mp4: 384x640 13 persons, 166.9ms
video 1/1 (frame 419/2392) /workspaces/yolo/video/12921779_3840_2160_29fps.mp4: 384x640 15 persons, 213.6ms
video 1/1 (frame 420/2392) /workspaces/yolo/video/12921779_3840_2160_29fps.mp4: 384x640 16 persons, 197.6ms
video 1/1 (frame 421/2392) /workspaces/yolo/video/12921779_3840_2160_29fps.mp4: 384x640 16 persons, 195.9ms
video 1/1 (frame 422/2392) /workspaces/yolo/video/12921779_3840_2160_29fps.mp4: 384x640 15 persons, 187.3ms
video 1/1 (frame 423/2392) /workspaces/yolo/video/12921779_3840_2160_29fps.mp4: 384x640 15 persons, 202.9ms
video 1/1 (frame 424/2392) /workspaces/yolo/video/12921779_3840_2160_29fps.mp4: 384x640 16 persons, 199.3ms
video 1/1 (frame 425/2392) /workspaces/yolo/video/12921779_3840_2160_29fps.mp4: 384x640 17 persons, 150.7ms
video 1/1 (frame 426/2392) /workspaces/yolo/video/12921779_3840_2160_29fps.mp4: 384x640 17 persons, 128.4ms
video 1/1 (frame 427/2392) /workspaces/yolo/video/12921779_3840_2160_29fps.mp4: 384x640 18 persons, 267.8ms
video 1/1 (frame 428/2392) /workspaces/yolo/video/12921779_3840_2160_29fps.mp4: 384x640 16 persons, 148.8ms
video 1/1 (frame 429/2392) /workspaces/yolo/video/12921779_3840_2160_29fps.mp4: 384x640 16 persons, 177.0ms
video 1/1 (frame 430/2392) /workspaces/yolo/video/12921779_3840_2160_29fps.mp4: 384x640 16 persons, 177.0ms
video 1/1 (frame 431/2392) /workspaces/yolo/video/12921779_3840_2160_29fps.mp4: 384x640 17 persons, 198.8ms
video 1/1 (frame 432/2392) /workspaces/yolo/video/12921779_3840_2160_29fps.mp4: 384x640 17 persons, 165.8ms
video 1/1 (frame 433/2392) /workspaces/yolo/video/12921779_3840_2160_29fps.mp4: 384x640 17 persons, 151.7ms
video 1/1 (frame 434/2392) /workspaces/yolo/video/12921779_3840_2160_29fps.mp4: 384x640 16 persons, 185.2ms
video 1/1 (frame 435/2392) /workspaces/yolo/video/12921779_3840_2160_29fps.mp4: 384x640 16 persons, 157.4ms
video 1/1 (frame 436/2392) /workspaces/yolo/video/12921779_3840_2160_29fps.mp4: 384x640 16 persons, 205.1ms
video 1/1 (frame 437/2392) /workspaces/yolo/video/12921779_3840_2160_29fps.mp4: 384x640 13 persons, 267.3ms
video 1/1 (frame 438/2392) /workspaces/yolo/video/12921779_3840_2160_29fps.mp4: 384x640 15 persons, 221.4ms
video 1/1 (frame 439/2392) /workspaces/yolo/video/12921779_3840_2160_29fps.mp4: 384x640 15 persons, 177.6ms
video 1/1 (frame 440/2392) /workspaces/yolo/video/12921779_3840_2160_29fps.mp4: 384x640 16 persons, 230.0ms
video 1/1 (frame 441/2392) /workspaces/yolo/video/12921779_3840_2160_29fps.mp4: 384x640 16 persons, 236.5ms
video 1/1 (frame 442/2392) /workspaces/yolo/video/12921779_3840_2160_29fps.mp4: 384x640 15 persons, 171.0ms
video 1/1 (frame 443/2392) /workspaces/yolo/video/12921779_3840_2160_29fps.mp4: 384x640 13 persons, 154.3ms
video 1/1 (frame 444/2392) /workspaces/yolo/video/12921779_3840_2160_29fps.mp4: 384x640 17 persons, 173.4ms
video 1/1 (frame 445/2392) /workspaces/yolo/video/12921779_3840_2160_29fps.mp4: 384x640 17 persons, 304.6ms
video 1/1 (frame 446/2392) /workspaces/yolo/video/12921779_3840_2160_29fps.mp4: 384x640 15 persons, 214.2ms
video 1/1 (frame 447/2392) /workspaces/yolo/video/12921779_3840_2160_29fps.mp4: 384x640 14 persons, 183.9ms
video 1/1 (frame 448/2392) /workspaces/yolo/video/12921779_3840_2160_29fps.mp4: 384x640 15 persons, 149.1ms
video 1/1 (frame 449/2392) /workspaces/yolo/video/12921779_3840_2160_29fps.mp4: 384x640 15 persons, 220.3ms
video 1/1 (frame 450/2392) /workspaces/yolo/video/12921779_3840_2160_29fps.mp4: 384x640 16 persons, 173.5ms
video 1/1 (frame 451/2392) /workspaces/yolo/video/12921779_3840_2160_29fps.mp4: 384x640 13 persons, 168.9ms
video 1/1 (frame 452/2392) /workspaces/yolo/video/12921779_3840_2160_29fps.mp4: 384x640 14 persons, 171.3ms
video 1/1 (frame 453/2392) /workspaces/yolo/video/12921779_3840_2160_29fps.mp4: 384x640 15 persons, 207.7ms
video 1/1 (frame 454/2392) /workspaces/yolo/video/12921779_3840_2160_29fps.mp4: 384x640 17 persons, 170.5ms
video 1/1 (frame 455/2392) /workspaces/yolo/video/12921779_3840_2160_29fps.mp4: 384x640 15 persons, 202.2ms
video 1/1 (frame 456/2392) /workspaces/yolo/video/12921779_3840_2160_29fps.mp4: 384x640 16 persons, 127.5ms
video 1/1 (frame 457/2392) /workspaces/yolo/video/12921779_3840_2160_29fps.mp4: 384x640 16 persons, 119.9ms
video 1/1 (frame 458/2392) /workspaces/yolo/video/12921779_3840_2160_29fps.mp4: 384x640 16 persons, 116.7ms
video 1/1 (frame 459/2392) /workspaces/yolo/video/12921779_3840_2160_29fps.mp4: 384x640 17 persons, 111.7ms
video 1/1 (frame 460/2392) /workspaces/yolo/video/12921779_3840_2160_29fps.mp4: 384x640 14 persons, 110.9ms
video 1/1 (frame 461/2392) /workspaces/yolo/video/12921779_3840_2160_29fps.mp4: 384x640 18 persons, 208.7ms
video 1/1 (frame 462/2392) /workspaces/yolo/video/12921779_3840_2160_29fps.mp4: 384x640 17 persons, 129.1ms
video 1/1 (frame 463/2392) /workspaces/yolo/video/12921779_3840_2160_29fps.mp4: 384x640 17 persons, 157.8ms
video 1/1 (frame 464/2392) /workspaces/yolo/video/12921779_3840_2160_29fps.mp4: 384x640 17 persons, 108.8ms
video 1/1 (frame 465/2392) /workspaces/yolo/video/12921779_3840_2160_29fps.mp4: 384x640 15 persons, 123.0ms
video 1/1 (frame 466/2392) /workspaces/yolo/video/12921779_3840_2160_29fps.mp4: 384x640 18 persons, 206.8ms
video 1/1 (frame 467/2392) /workspaces/yolo/video/12921779_3840_2160_29fps.mp4: 384x640 18 persons, 120.8ms
video 1/1 (frame 468/2392) /workspaces/yolo/video/12921779_3840_2160_29fps.mp4: 384x640 18 persons, 121.1ms
video 1/1 (frame 469/2392) /workspaces/yolo/video/12921779_3840_2160_29fps.mp4: 384x640 17 persons, 167.8ms
video 1/1 (frame 470/2392) /workspaces/yolo/video/12921779_3840_2160_29fps.mp4: 384x640 17 persons, 118.7ms
video 1/1 (frame 471/2392) /workspaces/yolo/video/12921779_3840_2160_29fps.mp4: 384x640 14 persons, 157.8ms
video 1/1 (frame 472/2392) /workspaces/yolo/video/12921779_3840_2160_29fps.mp4: 384x640 15 persons, 193.2ms
video 1/1 (frame 473/2392) /workspaces/yolo/video/12921779_3840_2160_29fps.mp4: 384x640 17 persons, 119.8ms
video 1/1 (frame 474/2392) /workspaces/yolo/video/12921779_3840_2160_29fps.mp4: 384x640 17 persons, 109.1ms
video 1/1 (frame 475/2392) /workspaces/yolo/video/12921779_3840_2160_29fps.mp4: 384x640 17 persons, 117.7ms
video 1/1 (frame 476/2392) /workspaces/yolo/video/12921779_3840_2160_29fps.mp4: 384x640 15 persons, 101.5ms
video 1/1 (frame 477/2392) /workspaces/yolo/video/12921779_3840_2160_29fps.mp4: 384x640 16 persons, 248.3ms
video 1/1 (frame 478/2392) /workspaces/yolo/video/12921779_3840_2160_29fps.mp4: 384x640 14 persons, 198.9ms
video 1/1 (frame 479/2392) /workspaces/yolo/video/12921779_3840_2160_29fps.mp4: 384x640 16 persons, 103.1ms
video 1/1 (frame 480/2392) /workspaces/yolo/video/12921779_3840_2160_29fps.mp4: 384x640 15 persons, 106.6ms
video 1/1 (frame 481/2392) /workspaces/yolo/video/12921779_3840_2160_29fps.mp4: 384x640 14 persons, 150.7ms
video 1/1 (frame 482/2392) /workspaces/yolo/video/12921779_3840_2160_29fps.mp4: 384x640 16 persons, 147.6ms
video 1/1 (frame 483/2392) /workspaces/yolo/video/12921779_3840_2160_29fps.mp4: 384x640 17 persons, 232.8ms
video 1/1 (frame 484/2392) /workspaces/yolo/video/12921779_3840_2160_29fps.mp4: 384x640 17 persons, 129.2ms
video 1/1 (frame 485/2392) /workspaces/yolo/video/12921779_3840_2160_29fps.mp4: 384x640 14 persons, 196.5ms
video 1/1 (frame 486/2392) /workspaces/yolo/video/12921779_3840_2160_29fps.mp4: 384x640 15 persons, 113.0ms
video 1/1 (frame 487/2392) /workspaces/yolo/video/12921779_3840_2160_29fps.mp4: 384x640 15 persons, 112.1ms
video 1/1 (frame 488/2392) /workspaces/yolo/video/12921779_3840_2160_29fps.mp4: 384x640 15 persons, 111.2ms
video 1/1 (frame 489/2392) /workspaces/yolo/video/12921779_3840_2160_29fps.mp4: 384x640 13 persons, 209.4ms
video 1/1 (frame 490/2392) /workspaces/yolo/video/12921779_3840_2160_29fps.mp4: 384x640 12 persons, 222.3ms
video 1/1 (frame 491/2392) /workspaces/yolo/video/12921779_3840_2160_29fps.mp4: 384x640 11 persons, 208.9ms
video 1/1 (frame 492/2392) /workspaces/yolo/video/12921779_3840_2160_29fps.mp4: 384x640 12 persons, 119.7ms
video 1/1 (frame 493/2392) /workspaces/yolo/video/12921779_3840_2160_29fps.mp4: 384x640 13 persons, 124.1ms
video 1/1 (frame 494/2392) /workspaces/yolo/video/12921779_3840_2160_29fps.mp4: 384x640 13 persons, 175.3ms
video 1/1 (frame 495/2392) /workspaces/yolo/video/12921779_3840_2160_29fps.mp4: 384x640 14 persons, 117.7ms
video 1/1 (frame 496/2392) /workspaces/yolo/video/12921779_3840_2160_29fps.mp4: 384x640 13 persons, 111.7ms
video 1/1 (frame 497/2392) /workspaces/yolo/video/12921779_3840_2160_29fps.mp4: 384x640 13 persons, 109.8ms
video 1/1 (frame 498/2392) /workspaces/yolo/video/12921779_3840_2160_29fps.mp4: 384x640 14 persons, 152.4ms
video 1/1 (frame 499/2392) /workspaces/yolo/video/12921779_3840_2160_29fps.mp4: 384x640 11 persons, 183.2ms
video 1/1 (frame 500/2392) /workspaces/yolo/video/12921779_3840_2160_29fps.mp4: 384x640 15 persons, 147.6ms
  已处理 500/2392 帧，累计总人数: 63
video 1/1 (frame 501/2392) /workspaces/yolo/video/12921779_3840_2160_29fps.mp4: 384x640 14 persons, 133.8ms
video 1/1 (frame 502/2392) /workspaces/yolo/video/12921779_3840_2160_29fps.mp4: 384x640 13 persons, 115.7ms
video 1/1 (frame 503/2392) /workspaces/yolo/video/12921779_3840_2160_29fps.mp4: 384x640 14 persons, 150.2ms
video 1/1 (frame 504/2392) /workspaces/yolo/video/12921779_3840_2160_29fps.mp4: 384x640 15 persons, 107.9ms
video 1/1 (frame 505/2392) /workspaces/yolo/video/12921779_3840_2160_29fps.mp4: 384x640 15 persons, 164.1ms
video 1/1 (frame 506/2392) /workspaces/yolo/video/12921779_3840_2160_29fps.mp4: 384x640 15 persons, 145.5ms
video 1/1 (frame 507/2392) /workspaces/yolo/video/12921779_3840_2160_29fps.mp4: 384x640 16 persons, 119.4ms
video 1/1 (frame 508/2392) /workspaces/yolo/video/12921779_3840_2160_29fps.mp4: 384x640 12 persons, 119.2ms
video 1/1 (frame 509/2392) /workspaces/yolo/video/12921779_3840_2160_29fps.mp4: 384x640 14 persons, 110.6ms
video 1/1 (frame 510/2392) /workspaces/yolo/video/12921779_3840_2160_29fps.mp4: 384x640 15 persons, 210.1ms
video 1/1 (frame 511/2392) /workspaces/yolo/video/12921779_3840_2160_29fps.mp4: 384x640 14 persons, 206.0ms
video 1/1 (frame 512/2392) /workspaces/yolo/video/12921779_3840_2160_29fps.mp4: 384x640 13 persons, 120.6ms
video 1/1 (frame 513/2392) /workspaces/yolo/video/12921779_3840_2160_29fps.mp4: 384x640 14 persons, 134.0ms
video 1/1 (frame 514/2392) /workspaces/yolo/video/12921779_3840_2160_29fps.mp4: 384x640 15 persons, 114.5ms
video 1/1 (frame 515/2392) /workspaces/yolo/video/12921779_3840_2160_29fps.mp4: 384x640 15 persons, 214.1ms
video 1/1 (frame 516/2392) /workspaces/yolo/video/12921779_3840_2160_29fps.mp4: 384x640 14 persons, 168.9ms
video 1/1 (frame 517/2392) /workspaces/yolo/video/12921779_3840_2160_29fps.mp4: 384x640 14 persons, 117.9ms
video 1/1 (frame 518/2392) /workspaces/yolo/video/12921779_3840_2160_29fps.mp4: 384x640 15 persons, 140.6ms
video 1/1 (frame 519/2392) /workspaces/yolo/video/12921779_3840_2160_29fps.mp4: 384x640 13 persons, 123.0ms
video 1/1 (frame 520/2392) /workspaces/yolo/video/12921779_3840_2160_29fps.mp4: 384x640 9 persons, 242.1ms
video 1/1 (frame 521/2392) /workspaces/yolo/video/12921779_3840_2160_29fps.mp4: 384x640 13 persons, 181.6ms
video 1/1 (frame 522/2392) /workspaces/yolo/video/12921779_3840_2160_29fps.mp4: 384x640 13 persons, 161.1ms
video 1/1 (frame 523/2392) /workspaces/yolo/video/12921779_3840_2160_29fps.mp4: 384x640 14 persons, 125.7ms
video 1/1 (frame 524/2392) /workspaces/yolo/video/12921779_3840_2160_29fps.mp4: 384x640 13 persons, 110.4ms
video 1/1 (frame 525/2392) /workspaces/yolo/video/12921779_3840_2160_29fps.mp4: 384x640 13 persons, 104.8ms
video 1/1 (frame 526/2392) /workspaces/yolo/video/12921779_3840_2160_29fps.mp4: 384x640 10 persons, 136.5ms
video 1/1 (frame 527/2392) /workspaces/yolo/video/12921779_3840_2160_29fps.mp4: 384x640 12 persons, 148.9ms
video 1/1 (frame 528/2392) /workspaces/yolo/video/12921779_3840_2160_29fps.mp4: 384x640 15 persons, 107.7ms
video 1/1 (frame 529/2392) /workspaces/yolo/video/12921779_3840_2160_29fps.mp4: 384x640 14 persons, 167.9ms
video 1/1 (frame 530/2392) /workspaces/yolo/video/12921779_3840_2160_29fps.mp4: 384x640 13 persons, 240.3ms
video 1/1 (frame 531/2392) /workspaces/yolo/video/12921779_3840_2160_29fps.mp4: 384x640 14 persons, 312.6ms
video 1/1 (frame 532/2392) /workspaces/yolo/video/12921779_3840_2160_29fps.mp4: 384x640 13 persons, 279.7ms
video 1/1 (frame 533/2392) /workspaces/yolo/video/12921779_3840_2160_29fps.mp4: 384x640 12 persons, 163.7ms
video 1/1 (frame 534/2392) /workspaces/yolo/video/12921779_3840_2160_29fps.mp4: 384x640 11 persons, 275.7ms
video 1/1 (frame 535/2392) /workspaces/yolo/video/12921779_3840_2160_29fps.mp4: 384x640 14 persons, 260.2ms
video 1/1 (frame 536/2392) /workspaces/yolo/video/12921779_3840_2160_29fps.mp4: 384x640 13 persons, 292.0ms
video 1/1 (frame 537/2392) /workspaces/yolo/video/12921779_3840_2160_29fps.mp4: 384x640 15 persons, 237.5ms
video 1/1 (frame 538/2392) /workspaces/yolo/video/12921779_3840_2160_29fps.mp4: 384x640 15 persons, 222.3ms
video 1/1 (frame 539/2392) /workspaces/yolo/video/12921779_3840_2160_29fps.mp4: 384x640 15 persons, 218.0ms
video 1/1 (frame 540/2392) /workspaces/yolo/video/12921779_3840_2160_29fps.mp4: 384x640 16 persons, 390.0ms
video 1/1 (frame 541/2392) /workspaces/yolo/video/12921779_3840_2160_29fps.mp4: 384x640 16 persons, 169.2ms
video 1/1 (frame 542/2392) /workspaces/yolo/video/12921779_3840_2160_29fps.mp4: 384x640 16 persons, 220.7ms
video 1/1 (frame 543/2392) /workspaces/yolo/video/12921779_3840_2160_29fps.mp4: 384x640 16 persons, 189.2ms
video 1/1 (frame 544/2392) /workspaces/yolo/video/12921779_3840_2160_29fps.mp4: 384x640 15 persons, 329.5ms
video 1/1 (frame 545/2392) /workspaces/yolo/video/12921779_3840_2160_29fps.mp4: 384x640 14 persons, 257.1ms
video 1/1 (frame 546/2392) /workspaces/yolo/video/12921779_3840_2160_29fps.mp4: 384x640 12 persons, 235.1ms
video 1/1 (frame 547/2392) /workspaces/yolo/video/12921779_3840_2160_29fps.mp4: 384x640 13 persons, 329.2ms
video 1/1 (frame 548/2392) /workspaces/yolo/video/12921779_3840_2160_29fps.mp4: 384x640 15 persons, 418.8ms
video 1/1 (frame 549/2392) /workspaces/yolo/video/12921779_3840_2160_29fps.mp4: 384x640 12 persons, 175.9ms
video 1/1 (frame 550/2392) /workspaces/yolo/video/12921779_3840_2160_29fps.mp4: 384x640 13 persons, 188.5ms
video 1/1 (frame 551/2392) /workspaces/yolo/video/12921779_3840_2160_29fps.mp4: 384x640 12 persons, 152.4ms
video 1/1 (frame 552/2392) /workspaces/yolo/video/12921779_3840_2160_29fps.mp4: 384x640 12 persons, 337.5ms
video 1/1 (frame 553/2392) /workspaces/yolo/video/12921779_3840_2160_29fps.mp4: 384x640 13 persons, 231.8ms
video 1/1 (frame 554/2392) /workspaces/yolo/video/12921779_3840_2160_29fps.mp4: 384x640 14 persons, 159.1ms
video 1/1 (frame 555/2392) /workspaces/yolo/video/12921779_3840_2160_29fps.mp4: 384x640 14 persons, 170.8ms
video 1/1 (frame 556/2392) /workspaces/yolo/video/12921779_3840_2160_29fps.mp4: 384x640 13 persons, 213.0ms
video 1/1 (frame 557/2392) /workspaces/yolo/video/12921779_3840_2160_29fps.mp4: 384x640 16 persons, 240.1ms
video 1/1 (frame 558/2392) /workspaces/yolo/video/12921779_3840_2160_29fps.mp4: 384x640 14 persons, 181.4ms
video 1/1 (frame 559/2392) /workspaces/yolo/video/12921779_3840_2160_29fps.mp4: 384x640 15 persons, 151.7ms
video 1/1 (frame 560/2392) /workspaces/yolo/video/12921779_3840_2160_29fps.mp4: 384x640 15 persons, 229.5ms
video 1/1 (frame 561/2392) /workspaces/yolo/video/12921779_3840_2160_29fps.mp4: 384x640 15 persons, 312.6ms
video 1/1 (frame 562/2392) /workspaces/yolo/video/12921779_3840_2160_29fps.mp4: 384x640 15 persons, 264.5ms
video 1/1 (frame 563/2392) /workspaces/yolo/video/12921779_3840_2160_29fps.mp4: 384x640 15 persons, 150.8ms
video 1/1 (frame 564/2392) /workspaces/yolo/video/12921779_3840_2160_29fps.mp4: 384x640 14 persons, 185.0ms
video 1/1 (frame 565/2392) /workspaces/yolo/video/12921779_3840_2160_29fps.mp4: 384x640 15 persons, 182.3ms
video 1/1 (frame 566/2392) /workspaces/yolo/video/12921779_3840_2160_29fps.mp4: 384x640 14 persons, 347.2ms
video 1/1 (frame 567/2392) /workspaces/yolo/video/12921779_3840_2160_29fps.mp4: 384x640 12 persons, 159.6ms
video 1/1 (frame 568/2392) /workspaces/yolo/video/12921779_3840_2160_29fps.mp4: 384x640 16 persons, 239.6ms
video 1/1 (frame 569/2392) /workspaces/yolo/video/12921779_3840_2160_29fps.mp4: 384x640 14 persons, 188.6ms
video 1/1 (frame 570/2392) /workspaces/yolo/video/12921779_3840_2160_29fps.mp4: 384x640 15 persons, 269.8ms
video 1/1 (frame 571/2392) /workspaces/yolo/video/12921779_3840_2160_29fps.mp4: 384x640 13 persons, 319.8ms
video 1/1 (frame 572/2392) /workspaces/yolo/video/12921779_3840_2160_29fps.mp4: 384x640 11 persons, 201.1ms
video 1/1 (frame 573/2392) /workspaces/yolo/video/12921779_3840_2160_29fps.mp4: 384x640 13 persons, 166.7ms
video 1/1 (frame 574/2392) /workspaces/yolo/video/12921779_3840_2160_29fps.mp4: 384x640 13 persons, 255.3ms
video 1/1 (frame 575/2392) /workspaces/yolo/video/12921779_3840_2160_29fps.mp4: 384x640 15 persons, 187.7ms
video 1/1 (frame 576/2392) /workspaces/yolo/video/12921779_3840_2160_29fps.mp4: 384x640 13 persons, 189.9ms
video 1/1 (frame 577/2392) /workspaces/yolo/video/12921779_3840_2160_29fps.mp4: 384x640 15 persons, 164.6ms
video 1/1 (frame 578/2392) /workspaces/yolo/video/12921779_3840_2160_29fps.mp4: 384x640 16 persons, 226.2ms
video 1/1 (frame 579/2392) /workspaces/yolo/video/12921779_3840_2160_29fps.mp4: 384x640 16 persons, 395.0ms
video 1/1 (frame 580/2392) /workspaces/yolo/video/12921779_3840_2160_29fps.mp4: 384x640 13 persons, 269.1ms
video 1/1 (frame 581/2392) /workspaces/yolo/video/12921779_3840_2160_29fps.mp4: 384x640 14 persons, 179.0ms
video 1/1 (frame 582/2392) /workspaces/yolo/video/12921779_3840_2160_29fps.mp4: 384x640 13 persons, 233.4ms
video 1/1 (frame 583/2392) /workspaces/yolo/video/12921779_3840_2160_29fps.mp4: 384x640 14 persons, 225.5ms
video 1/1 (frame 584/2392) /workspaces/yolo/video/12921779_3840_2160_29fps.mp4: 384x640 16 persons, 301.0ms
video 1/1 (frame 585/2392) /workspaces/yolo/video/12921779_3840_2160_29fps.mp4: 384x640 16 persons, 279.1ms
video 1/1 (frame 586/2392) /workspaces/yolo/video/12921779_3840_2160_29fps.mp4: 384x640 13 persons, 249.6ms
video 1/1 (frame 587/2392) /workspaces/yolo/video/12921779_3840_2160_29fps.mp4: 384x640 15 persons, 181.2ms
video 1/1 (frame 588/2392) /workspaces/yolo/video/12921779_3840_2160_29fps.mp4: 384x640 12 persons, 283.5ms
video 1/1 (frame 589/2392) /workspaces/yolo/video/12921779_3840_2160_29fps.mp4: 384x640 11 persons, 161.1ms
video 1/1 (frame 590/2392) /workspaces/yolo/video/12921779_3840_2160_29fps.mp4: 384x640 12 persons, 213.9ms
video 1/1 (frame 591/2392) /workspaces/yolo/video/12921779_3840_2160_29fps.mp4: 384x640 12 persons, 171.2ms
video 1/1 (frame 592/2392) /workspaces/yolo/video/12921779_3840_2160_29fps.mp4: 384x640 13 persons, 304.0ms
video 1/1 (frame 593/2392) /workspaces/yolo/video/12921779_3840_2160_29fps.mp4: 384x640 17 persons, 189.0ms
video 1/1 (frame 594/2392) /workspaces/yolo/video/12921779_3840_2160_29fps.mp4: 384x640 14 persons, 221.4ms
video 1/1 (frame 595/2392) /workspaces/yolo/video/12921779_3840_2160_29fps.mp4: 384x640 13 persons, 187.7ms
video 1/1 (frame 596/2392) /workspaces/yolo/video/12921779_3840_2160_29fps.mp4: 384x640 12 persons, 172.6ms
video 1/1 (frame 597/2392) /workspaces/yolo/video/12921779_3840_2160_29fps.mp4: 384x640 12 persons, 289.4ms
video 1/1 (frame 598/2392) /workspaces/yolo/video/12921779_3840_2160_29fps.mp4: 384x640 13 persons, 360.3ms
video 1/1 (frame 599/2392) /workspaces/yolo/video/12921779_3840_2160_29fps.mp4: 384x640 14 persons, 301.1ms
video 1/1 (frame 600/2392) /workspaces/yolo/video/12921779_3840_2160_29fps.mp4: 384x640 12 persons, 143.8ms
  已处理 600/2392 帧，累计总人数: 76
video 1/1 (frame 601/2392) /workspaces/yolo/video/12921779_3840_2160_29fps.mp4: 384x640 16 persons, 286.9ms
video 1/1 (frame 602/2392) /workspaces/yolo/video/12921779_3840_2160_29fps.mp4: 384x640 12 persons, 242.6ms
video 1/1 (frame 603/2392) /workspaces/yolo/video/12921779_3840_2160_29fps.mp4: 384x640 12 persons, 181.4ms
video 1/1 (frame 604/2392) /workspaces/yolo/video/12921779_3840_2160_29fps.mp4: 384x640 13 persons, 160.3ms
video 1/1 (frame 605/2392) /workspaces/yolo/video/12921779_3840_2160_29fps.mp4: 384x640 12 persons, 344.6ms
video 1/1 (frame 606/2392) /workspaces/yolo/video/12921779_3840_2160_29fps.mp4: 384x640 10 persons, 270.1ms
video 1/1 (frame 607/2392) /workspaces/yolo/video/12921779_3840_2160_29fps.mp4: 384x640 10 persons, 167.5ms
video 1/1 (frame 608/2392) /workspaces/yolo/video/12921779_3840_2160_29fps.mp4: 384x640 10 persons, 153.3ms
video 1/1 (frame 609/2392) /workspaces/yolo/video/12921779_3840_2160_29fps.mp4: 384x640 11 persons, 171.7ms
video 1/1 (frame 610/2392) /workspaces/yolo/video/12921779_3840_2160_29fps.mp4: 384x640 10 persons, 376.0ms
video 1/1 (frame 611/2392) /workspaces/yolo/video/12921779_3840_2160_29fps.mp4: 384x640 12 persons, 176.5ms
video 1/1 (frame 612/2392) /workspaces/yolo/video/12921779_3840_2160_29fps.mp4: 384x640 12 persons, 209.2ms
video 1/1 (frame 613/2392) /workspaces/yolo/video/12921779_3840_2160_29fps.mp4: 384x640 8 persons, 155.3ms
video 1/1 (frame 614/2392) /workspaces/yolo/video/12921779_3840_2160_29fps.mp4: 384x640 11 persons, 354.7ms
video 1/1 (frame 615/2392) /workspaces/yolo/video/12921779_3840_2160_29fps.mp4: 384x640 11 persons, 193.3ms
video 1/1 (frame 616/2392) /workspaces/yolo/video/12921779_3840_2160_29fps.mp4: 384x640 12 persons, 153.2ms
video 1/1 (frame 617/2392) /workspaces/yolo/video/12921779_3840_2160_29fps.mp4: 384x640 14 persons, 140.7ms
video 1/1 (frame 618/2392) /workspaces/yolo/video/12921779_3840_2160_29fps.mp4: 384x640 14 persons, 277.3ms
video 1/1 (frame 619/2392) /workspaces/yolo/video/12921779_3840_2160_29fps.mp4: 384x640 13 persons, 219.0ms
video 1/1 (frame 620/2392) /workspaces/yolo/video/12921779_3840_2160_29fps.mp4: 384x640 12 persons, 158.0ms
video 1/1 (frame 621/2392) /workspaces/yolo/video/12921779_3840_2160_29fps.mp4: 384x640 13 persons, 182.1ms
video 1/1 (frame 622/2392) /workspaces/yolo/video/12921779_3840_2160_29fps.mp4: 384x640 13 persons, 236.5ms
video 1/1 (frame 623/2392) /workspaces/yolo/video/12921779_3840_2160_29fps.mp4: 384x640 13 persons, 282.8ms
video 1/1 (frame 624/2392) /workspaces/yolo/video/12921779_3840_2160_29fps.mp4: 384x640 12 persons, 138.7ms
video 1/1 (frame 625/2392) /workspaces/yolo/video/12921779_3840_2160_29fps.mp4: 384x640 10 persons, 178.6ms
video 1/1 (frame 626/2392) /workspaces/yolo/video/12921779_3840_2160_29fps.mp4: 384x640 10 persons, 241.8ms
video 1/1 (frame 627/2392) /workspaces/yolo/video/12921779_3840_2160_29fps.mp4: 384x640 9 persons, 272.2ms
video 1/1 (frame 628/2392) /workspaces/yolo/video/12921779_3840_2160_29fps.mp4: 384x640 12 persons, 151.5ms
video 1/1 (frame 629/2392) /workspaces/yolo/video/12921779_3840_2160_29fps.mp4: 384x640 10 persons, 185.0ms
video 1/1 (frame 630/2392) /workspaces/yolo/video/12921779_3840_2160_29fps.mp4: 384x640 11 persons, 593.8ms
video 1/1 (frame 631/2392) /workspaces/yolo/video/12921779_3840_2160_29fps.mp4: 384x640 10 persons, 388.6ms
video 1/1 (frame 632/2392) /workspaces/yolo/video/12921779_3840_2160_29fps.mp4: 384x640 11 persons, 143.8ms
video 1/1 (frame 633/2392) /workspaces/yolo/video/12921779_3840_2160_29fps.mp4: 384x640 14 persons, 179.7ms
video 1/1 (frame 634/2392) /workspaces/yolo/video/12921779_3840_2160_29fps.mp4: 384x640 12 persons, 123.7ms
video 1/1 (frame 635/2392) /workspaces/yolo/video/12921779_3840_2160_29fps.mp4: 384x640 12 persons, 300.5ms
video 1/1 (frame 636/2392) /workspaces/yolo/video/12921779_3840_2160_29fps.mp4: 384x640 12 persons, 200.4ms
video 1/1 (frame 637/2392) /workspaces/yolo/video/12921779_3840_2160_29fps.mp4: 384x640 13 persons, 242.6ms
video 1/1 (frame 638/2392) /workspaces/yolo/video/12921779_3840_2160_29fps.mp4: 384x640 12 persons, 275.2ms
video 1/1 (frame 639/2392) /workspaces/yolo/video/12921779_3840_2160_29fps.mp4: 384x640 12 persons, 340.5ms
video 1/1 (frame 640/2392) /workspaces/yolo/video/12921779_3840_2160_29fps.mp4: 384x640 12 persons, 155.3ms
video 1/1 (frame 641/2392) /workspaces/yolo/video/12921779_3840_2160_29fps.mp4: 384x640 12 persons, 208.9ms
video 1/1 (frame 642/2392) /workspaces/yolo/video/12921779_3840_2160_29fps.mp4: 384x640 12 persons, 197.4ms
video 1/1 (frame 643/2392) /workspaces/yolo/video/12921779_3840_2160_29fps.mp4: 384x640 12 persons, 182.4ms
video 1/1 (frame 644/2392) /workspaces/yolo/video/12921779_3840_2160_29fps.mp4: 384x640 11 persons, 382.5ms
video 1/1 (frame 645/2392) /workspaces/yolo/video/12921779_3840_2160_29fps.mp4: 384x640 10 persons, 227.2ms
video 1/1 (frame 646/2392) /workspaces/yolo/video/12921779_3840_2160_29fps.mp4: 384x640 11 persons, 174.2ms
video 1/1 (frame 647/2392) /workspaces/yolo/video/12921779_3840_2160_29fps.mp4: 384x640 11 persons, 152.4ms
video 1/1 (frame 648/2392) /workspaces/yolo/video/12921779_3840_2160_29fps.mp4: 384x640 11 persons, 276.2ms
video 1/1 (frame 649/2392) /workspaces/yolo/video/12921779_3840_2160_29fps.mp4: 384x640 12 persons, 329.5ms
video 1/1 (frame 650/2392) /workspaces/yolo/video/12921779_3840_2160_29fps.mp4: 384x640 12 persons, 169.5ms
video 1/1 (frame 651/2392) /workspaces/yolo/video/12921779_3840_2160_29fps.mp4: 384x640 13 persons, 194.2ms
video 1/1 (frame 652/2392) /workspaces/yolo/video/12921779_3840_2160_29fps.mp4: 384x640 14 persons, 237.9ms
video 1/1 (frame 653/2392) /workspaces/yolo/video/12921779_3840_2160_29fps.mp4: 384x640 13 persons, 289.6ms
video 1/1 (frame 654/2392) /workspaces/yolo/video/12921779_3840_2160_29fps.mp4: 384x640 12 persons, 155.8ms
video 1/1 (frame 655/2392) /workspaces/yolo/video/12921779_3840_2160_29fps.mp4: 384x640 11 persons, 145.2ms
video 1/1 (frame 656/2392) /workspaces/yolo/video/12921779_3840_2160_29fps.mp4: 384x640 12 persons, 144.8ms
video 1/1 (frame 657/2392) /workspaces/yolo/video/12921779_3840_2160_29fps.mp4: 384x640 11 persons, 267.5ms
video 1/1 (frame 658/2392) /workspaces/yolo/video/12921779_3840_2160_29fps.mp4: 384x640 12 persons, 380.2ms
video 1/1 (frame 659/2392) /workspaces/yolo/video/12921779_3840_2160_29fps.mp4: 384x640 12 persons, 151.9ms
video 1/1 (frame 660/2392) /workspaces/yolo/video/12921779_3840_2160_29fps.mp4: 384x640 11 persons, 135.4ms
video 1/1 (frame 661/2392) /workspaces/yolo/video/12921779_3840_2160_29fps.mp4: 384x640 10 persons, 235.6ms
video 1/1 (frame 662/2392) /workspaces/yolo/video/12921779_3840_2160_29fps.mp4: 384x640 11 persons, 286.2ms
video 1/1 (frame 663/2392) /workspaces/yolo/video/12921779_3840_2160_29fps.mp4: 384x640 9 persons, 185.4ms
video 1/1 (frame 664/2392) /workspaces/yolo/video/12921779_3840_2160_29fps.mp4: 384x640 10 persons, 165.5ms
video 1/1 (frame 665/2392) /workspaces/yolo/video/12921779_3840_2160_29fps.mp4: 384x640 10 persons, 313.3ms
video 1/1 (frame 666/2392) /workspaces/yolo/video/12921779_3840_2160_29fps.mp4: 384x640 10 persons, 347.2ms
video 1/1 (frame 667/2392) /workspaces/yolo/video/12921779_3840_2160_29fps.mp4: 384x640 11 persons, 158.3ms
video 1/1 (frame 668/2392) /workspaces/yolo/video/12921779_3840_2160_29fps.mp4: 384x640 12 persons, 154.2ms
video 1/1 (frame 669/2392) /workspaces/yolo/video/12921779_3840_2160_29fps.mp4: 384x640 9 persons, 235.7ms
video 1/1 (frame 670/2392) /workspaces/yolo/video/12921779_3840_2160_29fps.mp4: 384x640 12 persons, 261.6ms
video 1/1 (frame 671/2392) /workspaces/yolo/video/12921779_3840_2160_29fps.mp4: 384x640 11 persons, 372.0ms
video 1/1 (frame 672/2392) /workspaces/yolo/video/12921779_3840_2160_29fps.mp4: 384x640 11 persons, 150.8ms
video 1/1 (frame 673/2392) /workspaces/yolo/video/12921779_3840_2160_29fps.mp4: 384x640 11 persons, 239.9ms
video 1/1 (frame 674/2392) /workspaces/yolo/video/12921779_3840_2160_29fps.mp4: 384x640 12 persons, 186.9ms
video 1/1 (frame 675/2392) /workspaces/yolo/video/12921779_3840_2160_29fps.mp4: 384x640 12 persons, 411.9ms
video 1/1 (frame 676/2392) /workspaces/yolo/video/12921779_3840_2160_29fps.mp4: 384x640 11 persons, 196.6ms
video 1/1 (frame 677/2392) /workspaces/yolo/video/12921779_3840_2160_29fps.mp4: 384x640 10 persons, 238.1ms
video 1/1 (frame 678/2392) /workspaces/yolo/video/12921779_3840_2160_29fps.mp4: 384x640 11 persons, 291.1ms
video 1/1 (frame 679/2392) /workspaces/yolo/video/12921779_3840_2160_29fps.mp4: 384x640 11 persons, 293.8ms
video 1/1 (frame 680/2392) /workspaces/yolo/video/12921779_3840_2160_29fps.mp4: 384x640 10 persons, 194.3ms
video 1/1 (frame 681/2392) /workspaces/yolo/video/12921779_3840_2160_29fps.mp4: 384x640 8 persons, 241.1ms
video 1/1 (frame 682/2392) /workspaces/yolo/video/12921779_3840_2160_29fps.mp4: 384x640 9 persons, 169.4ms
video 1/1 (frame 683/2392) /workspaces/yolo/video/12921779_3840_2160_29fps.mp4: 384x640 10 persons, 278.2ms
video 1/1 (frame 684/2392) /workspaces/yolo/video/12921779_3840_2160_29fps.mp4: 384x640 11 persons, 274.5ms
video 1/1 (frame 685/2392) /workspaces/yolo/video/12921779_3840_2160_29fps.mp4: 384x640 10 persons, 244.7ms
video 1/1 (frame 686/2392) /workspaces/yolo/video/12921779_3840_2160_29fps.mp4: 384x640 12 persons, 182.3ms
video 1/1 (frame 687/2392) /workspaces/yolo/video/12921779_3840_2160_29fps.mp4: 384x640 12 persons, 221.5ms
video 1/1 (frame 688/2392) /workspaces/yolo/video/12921779_3840_2160_29fps.mp4: 384x640 12 persons, 302.5ms
video 1/1 (frame 689/2392) /workspaces/yolo/video/12921779_3840_2160_29fps.mp4: 384x640 11 persons, 245.3ms
video 1/1 (frame 690/2392) /workspaces/yolo/video/12921779_3840_2160_29fps.mp4: 384x640 12 persons, 182.2ms
video 1/1 (frame 691/2392) /workspaces/yolo/video/12921779_3840_2160_29fps.mp4: 384x640 10 persons, 233.0ms
video 1/1 (frame 692/2392) /workspaces/yolo/video/12921779_3840_2160_29fps.mp4: 384x640 11 persons, 266.4ms
video 1/1 (frame 693/2392) /workspaces/yolo/video/12921779_3840_2160_29fps.mp4: 384x640 10 persons, 259.6ms
video 1/1 (frame 694/2392) /workspaces/yolo/video/12921779_3840_2160_29fps.mp4: 384x640 11 persons, 187.2ms
video 1/1 (frame 695/2392) /workspaces/yolo/video/12921779_3840_2160_29fps.mp4: 384x640 10 persons, 152.3ms
video 1/1 (frame 696/2392) /workspaces/yolo/video/12921779_3840_2160_29fps.mp4: 384x640 9 persons, 266.1ms
video 1/1 (frame 697/2392) /workspaces/yolo/video/12921779_3840_2160_29fps.mp4: 384x640 9 persons, 343.7ms
video 1/1 (frame 698/2392) /workspaces/yolo/video/12921779_3840_2160_29fps.mp4: 384x640 10 persons, 274.8ms
video 1/1 (frame 699/2392) /workspaces/yolo/video/12921779_3840_2160_29fps.mp4: 384x640 8 persons, 157.7ms
video 1/1 (frame 700/2392) /workspaces/yolo/video/12921779_3840_2160_29fps.mp4: 384x640 11 persons, 307.3ms
  已处理 700/2392 帧，累计总人数: 94
video 1/1 (frame 701/2392) /workspaces/yolo/video/12921779_3840_2160_29fps.mp4: 384x640 10 persons, 240.7ms
video 1/1 (frame 702/2392) /workspaces/yolo/video/12921779_3840_2160_29fps.mp4: 384x640 10 persons, 186.7ms
video 1/1 (frame 703/2392) /workspaces/yolo/video/12921779_3840_2160_29fps.mp4: 384x640 8 persons, 138.8ms
video 1/1 (frame 704/2392) /workspaces/yolo/video/12921779_3840_2160_29fps.mp4: 384x640 9 persons, 160.6ms
video 1/1 (frame 705/2392) /workspaces/yolo/video/12921779_3840_2160_29fps.mp4: 384x640 11 persons, 445.0ms
video 1/1 (frame 706/2392) /workspaces/yolo/video/12921779_3840_2160_29fps.mp4: 384x640 9 persons, 228.0ms
video 1/1 (frame 707/2392) /workspaces/yolo/video/12921779_3840_2160_29fps.mp4: 384x640 13 persons, 143.4ms
video 1/1 (frame 708/2392) /workspaces/yolo/video/12921779_3840_2160_29fps.mp4: 384x640 11 persons, 175.5ms
video 1/1 (frame 709/2392) /workspaces/yolo/video/12921779_3840_2160_29fps.mp4: 384x640 10 persons, 257.1ms
video 1/1 (frame 710/2392) /workspaces/yolo/video/12921779_3840_2160_29fps.mp4: 384x640 11 persons, 331.9ms
video 1/1 (frame 711/2392) /workspaces/yolo/video/12921779_3840_2160_29fps.mp4: 384x640 11 persons, 150.5ms
video 1/1 (frame 712/2392) /workspaces/yolo/video/12921779_3840_2160_29fps.mp4: 384x640 11 persons, 151.3ms
video 1/1 (frame 713/2392) /workspaces/yolo/video/12921779_3840_2160_29fps.mp4: 384x640 11 persons, 245.8ms
video 1/1 (frame 714/2392) /workspaces/yolo/video/12921779_3840_2160_29fps.mp4: 384x640 12 persons, 303.9ms
video 1/1 (frame 715/2392) /workspaces/yolo/video/12921779_3840_2160_29fps.mp4: 384x640 10 persons, 398.7ms
video 1/1 (frame 716/2392) /workspaces/yolo/video/12921779_3840_2160_29fps.mp4: 384x640 11 persons, 214.2ms
video 1/1 (frame 717/2392) /workspaces/yolo/video/12921779_3840_2160_29fps.mp4: 384x640 10 persons, 493.7ms
video 1/1 (frame 718/2392) /workspaces/yolo/video/12921779_3840_2160_29fps.mp4: 384x640 9 persons, 317.1ms
video 1/1 (frame 719/2392) /workspaces/yolo/video/12921779_3840_2160_29fps.mp4: 384x640 13 persons, 181.9ms
video 1/1 (frame 720/2392) /workspaces/yolo/video/12921779_3840_2160_29fps.mp4: 384x640 13 persons, 188.9ms
video 1/1 (frame 721/2392) /workspaces/yolo/video/12921779_3840_2160_29fps.mp4: 384x640 13 persons, 232.6ms
video 1/1 (frame 722/2392) /workspaces/yolo/video/12921779_3840_2160_29fps.mp4: 384x640 11 persons, 295.0ms
video 1/1 (frame 723/2392) /workspaces/yolo/video/12921779_3840_2160_29fps.mp4: 384x640 12 persons, 170.0ms
video 1/1 (frame 724/2392) /workspaces/yolo/video/12921779_3840_2160_29fps.mp4: 384x640 13 persons, 325.7ms
video 1/1 (frame 725/2392) /workspaces/yolo/video/12921779_3840_2160_29fps.mp4: 384x640 12 persons, 299.9ms
video 1/1 (frame 726/2392) /workspaces/yolo/video/12921779_3840_2160_29fps.mp4: 384x640 10 persons, 294.9ms
video 1/1 (frame 727/2392) /workspaces/yolo/video/12921779_3840_2160_29fps.mp4: 384x640 13 persons, 169.5ms
video 1/1 (frame 728/2392) /workspaces/yolo/video/12921779_3840_2160_29fps.mp4: 384x640 16 persons, 224.4ms
video 1/1 (frame 729/2392) /workspaces/yolo/video/12921779_3840_2160_29fps.mp4: 384x640 13 persons, 234.8ms
video 1/1 (frame 730/2392) /workspaces/yolo/video/12921779_3840_2160_29fps.mp4: 384x640 10 persons, 309.7ms
video 1/1 (frame 731/2392) /workspaces/yolo/video/12921779_3840_2160_29fps.mp4: 384x640 11 persons, 183.4ms
video 1/1 (frame 732/2392) /workspaces/yolo/video/12921779_3840_2160_29fps.mp4: 384x640 12 persons, 211.9ms
video 1/1 (frame 733/2392) /workspaces/yolo/video/12921779_3840_2160_29fps.mp4: 384x640 12 persons, 246.6ms
video 1/1 (frame 734/2392) /workspaces/yolo/video/12921779_3840_2160_29fps.mp4: 384x640 9 persons, 197.9ms
video 1/1 (frame 735/2392) /workspaces/yolo/video/12921779_3840_2160_29fps.mp4: 384x640 9 persons, 289.2ms
video 1/1 (frame 736/2392) /workspaces/yolo/video/12921779_3840_2160_29fps.mp4: 384x640 9 persons, 165.4ms
video 1/1 (frame 737/2392) /workspaces/yolo/video/12921779_3840_2160_29fps.mp4: 384x640 10 persons, 428.4ms
video 1/1 (frame 738/2392) /workspaces/yolo/video/12921779_3840_2160_29fps.mp4: 384x640 11 persons, 379.1ms
video 1/1 (frame 739/2392) /workspaces/yolo/video/12921779_3840_2160_29fps.mp4: 384x640 11 persons, 272.4ms
video 1/1 (frame 740/2392) /workspaces/yolo/video/12921779_3840_2160_29fps.mp4: 384x640 11 persons, 158.2ms
video 1/1 (frame 741/2392) /workspaces/yolo/video/12921779_3840_2160_29fps.mp4: 384x640 11 persons, 238.7ms
video 1/1 (frame 742/2392) /workspaces/yolo/video/12921779_3840_2160_29fps.mp4: 384x640 11 persons, 190.3ms
video 1/1 (frame 743/2392) /workspaces/yolo/video/12921779_3840_2160_29fps.mp4: 384x640 10 persons, 313.5ms
video 1/1 (frame 744/2392) /workspaces/yolo/video/12921779_3840_2160_29fps.mp4: 384x640 10 persons, 277.7ms
video 1/1 (frame 745/2392) /workspaces/yolo/video/12921779_3840_2160_29fps.mp4: 384x640 11 persons, 254.9ms
video 1/1 (frame 746/2392) /workspaces/yolo/video/12921779_3840_2160_29fps.mp4: 384x640 13 persons, 190.2ms
video 1/1 (frame 747/2392) /workspaces/yolo/video/12921779_3840_2160_29fps.mp4: 384x640 11 persons, 250.2ms
video 1/1 (frame 748/2392) /workspaces/yolo/video/12921779_3840_2160_29fps.mp4: 384x640 11 persons, 399.2ms
video 1/1 (frame 749/2392) /workspaces/yolo/video/12921779_3840_2160_29fps.mp4: 384x640 11 persons, 152.7ms
video 1/1 (frame 750/2392) /workspaces/yolo/video/12921779_3840_2160_29fps.mp4: 384x640 11 persons, 150.8ms
video 1/1 (frame 751/2392) /workspaces/yolo/video/12921779_3840_2160_29fps.mp4: 384x640 9 persons, 291.1ms
video 1/1 (frame 752/2392) /workspaces/yolo/video/12921779_3840_2160_29fps.mp4: 384x640 11 persons, 281.9ms
video 1/1 (frame 753/2392) /workspaces/yolo/video/12921779_3840_2160_29fps.mp4: 384x640 11 persons, 166.5ms
video 1/1 (frame 754/2392) /workspaces/yolo/video/12921779_3840_2160_29fps.mp4: 384x640 12 persons, 170.9ms
video 1/1 (frame 755/2392) /workspaces/yolo/video/12921779_3840_2160_29fps.mp4: 384x640 9 persons, 160.0ms
video 1/1 (frame 756/2392) /workspaces/yolo/video/12921779_3840_2160_29fps.mp4: 384x640 10 persons, 331.4ms
video 1/1 (frame 757/2392) /workspaces/yolo/video/12921779_3840_2160_29fps.mp4: 384x640 10 persons, 430.9ms
video 1/1 (frame 758/2392) /workspaces/yolo/video/12921779_3840_2160_29fps.mp4: 384x640 11 persons, 201.8ms
video 1/1 (frame 759/2392) /workspaces/yolo/video/12921779_3840_2160_29fps.mp4: 384x640 11 persons, 158.1ms
video 1/1 (frame 760/2392) /workspaces/yolo/video/12921779_3840_2160_29fps.mp4: 384x640 11 persons, 269.1ms
video 1/1 (frame 761/2392) /workspaces/yolo/video/12921779_3840_2160_29fps.mp4: 384x640 12 persons, 196.4ms
video 1/1 (frame 762/2392) /workspaces/yolo/video/12921779_3840_2160_29fps.mp4: 384x640 10 persons, 162.9ms
video 1/1 (frame 763/2392) /workspaces/yolo/video/12921779_3840_2160_29fps.mp4: 384x640 12 persons, 149.6ms
video 1/1 (frame 764/2392) /workspaces/yolo/video/12921779_3840_2160_29fps.mp4: 384x640 13 persons, 164.6ms
video 1/1 (frame 765/2392) /workspaces/yolo/video/12921779_3840_2160_29fps.mp4: 384x640 12 persons, 344.0ms
video 1/1 (frame 766/2392) /workspaces/yolo/video/12921779_3840_2160_29fps.mp4: 384x640 11 persons, 150.5ms
video 1/1 (frame 767/2392) /workspaces/yolo/video/12921779_3840_2160_29fps.mp4: 384x640 14 persons, 148.2ms
video 1/1 (frame 768/2392) /workspaces/yolo/video/12921779_3840_2160_29fps.mp4: 384x640 12 persons, 153.2ms
video 1/1 (frame 769/2392) /workspaces/yolo/video/12921779_3840_2160_29fps.mp4: 384x640 11 persons, 287.5ms
video 1/1 (frame 770/2392) /workspaces/yolo/video/12921779_3840_2160_29fps.mp4: 384x640 10 persons, 757.7ms
video 1/1 (frame 771/2392) /workspaces/yolo/video/12921779_3840_2160_29fps.mp4: 384x640 12 persons, 217.3ms
video 1/1 (frame 772/2392) /workspaces/yolo/video/12921779_3840_2160_29fps.mp4: 384x640 11 persons, 151.1ms
video 1/1 (frame 773/2392) /workspaces/yolo/video/12921779_3840_2160_29fps.mp4: 384x640 14 persons, 311.4ms
video 1/1 (frame 774/2392) /workspaces/yolo/video/12921779_3840_2160_29fps.mp4: 384x640 12 persons, 250.3ms
video 1/1 (frame 775/2392) /workspaces/yolo/video/12921779_3840_2160_29fps.mp4: 384x640 13 persons, 146.4ms
video 1/1 (frame 776/2392) /workspaces/yolo/video/12921779_3840_2160_29fps.mp4: 384x640 13 persons, 157.1ms
video 1/1 (frame 777/2392) /workspaces/yolo/video/12921779_3840_2160_29fps.mp4: 384x640 11 persons, 244.0ms
video 1/1 (frame 778/2392) /workspaces/yolo/video/12921779_3840_2160_29fps.mp4: 384x640 13 persons, 412.8ms
video 1/1 (frame 779/2392) /workspaces/yolo/video/12921779_3840_2160_29fps.mp4: 384x640 11 persons, 172.0ms
video 1/1 (frame 780/2392) /workspaces/yolo/video/12921779_3840_2160_29fps.mp4: 384x640 11 persons, 164.8ms
video 1/1 (frame 781/2392) /workspaces/yolo/video/12921779_3840_2160_29fps.mp4: 384x640 11 persons, 242.9ms
video 1/1 (frame 782/2392) /workspaces/yolo/video/12921779_3840_2160_29fps.mp4: 384x640 10 persons, 833.3ms
video 1/1 (frame 783/2392) /workspaces/yolo/video/12921779_3840_2160_29fps.mp4: 384x640 13 persons, 307.6ms
video 1/1 (frame 784/2392) /workspaces/yolo/video/12921779_3840_2160_29fps.mp4: 384x640 11 persons, 169.8ms
video 1/1 (frame 785/2392) /workspaces/yolo/video/12921779_3840_2160_29fps.mp4: 384x640 8 persons, 230.1ms
video 1/1 (frame 786/2392) /workspaces/yolo/video/12921779_3840_2160_29fps.mp4: 384x640 11 persons, 231.5ms
video 1/1 (frame 787/2392) /workspaces/yolo/video/12921779_3840_2160_29fps.mp4: 384x640 11 persons, 278.8ms
video 1/1 (frame 788/2392) /workspaces/yolo/video/12921779_3840_2160_29fps.mp4: 384x640 10 persons, 163.4ms
video 1/1 (frame 789/2392) /workspaces/yolo/video/12921779_3840_2160_29fps.mp4: 384x640 9 persons, 287.2ms
video 1/1 (frame 790/2392) /workspaces/yolo/video/12921779_3840_2160_29fps.mp4: 384x640 11 persons, 208.3ms
video 1/1 (frame 791/2392) /workspaces/yolo/video/12921779_3840_2160_29fps.mp4: 384x640 11 persons, 295.7ms
video 1/1 (frame 792/2392) /workspaces/yolo/video/12921779_3840_2160_29fps.mp4: 384x640 10 persons, 170.9ms
video 1/1 (frame 793/2392) /workspaces/yolo/video/12921779_3840_2160_29fps.mp4: 384x640 11 persons, 255.6ms
video 1/1 (frame 794/2392) /workspaces/yolo/video/12921779_3840_2160_29fps.mp4: 384x640 12 persons, 242.8ms
video 1/1 (frame 795/2392) /workspaces/yolo/video/12921779_3840_2160_29fps.mp4: 384x640 10 persons, 335.7ms
video 1/1 (frame 796/2392) /workspaces/yolo/video/12921779_3840_2160_29fps.mp4: 384x640 12 persons, 203.7ms
video 1/1 (frame 797/2392) /workspaces/yolo/video/12921779_3840_2160_29fps.mp4: 384x640 13 persons, 347.7ms
video 1/1 (frame 798/2392) /workspaces/yolo/video/12921779_3840_2160_29fps.mp4: 384x640 14 persons, 175.2ms
video 1/1 (frame 799/2392) /workspaces/yolo/video/12921779_3840_2160_29fps.mp4: 384x640 13 persons, 274.5ms
video 1/1 (frame 800/2392) /workspaces/yolo/video/12921779_3840_2160_29fps.mp4: 384x640 14 persons, 250.5ms
  已处理 800/2392 帧，累计总人数: 108
video 1/1 (frame 801/2392) /workspaces/yolo/video/12921779_3840_2160_29fps.mp4: 384x640 12 persons, 213.6ms
video 1/1 (frame 802/2392) /workspaces/yolo/video/12921779_3840_2160_29fps.mp4: 384x640 11 persons, 179.4ms
video 1/1 (frame 803/2392) /workspaces/yolo/video/12921779_3840_2160_29fps.mp4: 384x640 11 persons, 168.1ms
video 1/1 (frame 804/2392) /workspaces/yolo/video/12921779_3840_2160_29fps.mp4: 384x640 10 persons, 285.8ms
video 1/1 (frame 805/2392) /workspaces/yolo/video/12921779_3840_2160_29fps.mp4: 384x640 14 persons, 158.1ms
video 1/1 (frame 806/2392) /workspaces/yolo/video/12921779_3840_2160_29fps.mp4: 384x640 13 persons, 138.9ms
video 1/1 (frame 807/2392) /workspaces/yolo/video/12921779_3840_2160_29fps.mp4: 384x640 14 persons, 158.6ms
video 1/1 (frame 808/2392) /workspaces/yolo/video/12921779_3840_2160_29fps.mp4: 384x640 15 persons, 202.9ms
video 1/1 (frame 809/2392) /workspaces/yolo/video/12921779_3840_2160_29fps.mp4: 384x640 12 persons, 286.6ms
video 1/1 (frame 810/2392) /workspaces/yolo/video/12921779_3840_2160_29fps.mp4: 384x640 11 persons, 165.2ms
video 1/1 (frame 811/2392) /workspaces/yolo/video/12921779_3840_2160_29fps.mp4: 384x640 12 persons, 161.6ms
video 1/1 (frame 812/2392) /workspaces/yolo/video/12921779_3840_2160_29fps.mp4: 384x640 12 persons, 219.7ms
video 1/1 (frame 813/2392) /workspaces/yolo/video/12921779_3840_2160_29fps.mp4: 384x640 13 persons, 364.8ms
video 1/1 (frame 814/2392) /workspaces/yolo/video/12921779_3840_2160_29fps.mp4: 384x640 13 persons, 180.2ms
video 1/1 (frame 815/2392) /workspaces/yolo/video/12921779_3840_2160_29fps.mp4: 384x640 12 persons, 160.7ms
video 1/1 (frame 816/2392) /workspaces/yolo/video/12921779_3840_2160_29fps.mp4: 384x640 11 persons, 159.2ms
video 1/1 (frame 817/2392) /workspaces/yolo/video/12921779_3840_2160_29fps.mp4: 384x640 13 persons, 324.2ms
video 1/1 (frame 818/2392) /workspaces/yolo/video/12921779_3840_2160_29fps.mp4: 384x640 13 persons, 315.8ms
video 1/1 (frame 819/2392) /workspaces/yolo/video/12921779_3840_2160_29fps.mp4: 384x640 14 persons, 305.1ms
video 1/1 (frame 820/2392) /workspaces/yolo/video/12921779_3840_2160_29fps.mp4: 384x640 12 persons, 228.2ms
video 1/1 (frame 821/2392) /workspaces/yolo/video/12921779_3840_2160_29fps.mp4: 384x640 12 persons, 326.2ms
video 1/1 (frame 822/2392) /workspaces/yolo/video/12921779_3840_2160_29fps.mp4: 384x640 14 persons, 351.2ms
video 1/1 (frame 823/2392) /workspaces/yolo/video/12921779_3840_2160_29fps.mp4: 384x640 13 persons, 153.0ms
video 1/1 (frame 824/2392) /workspaces/yolo/video/12921779_3840_2160_29fps.mp4: 384x640 11 persons, 152.5ms
video 1/1 (frame 825/2392) /workspaces/yolo/video/12921779_3840_2160_29fps.mp4: 384x640 12 persons, 232.8ms
video 1/1 (frame 826/2392) /workspaces/yolo/video/12921779_3840_2160_29fps.mp4: 384x640 12 persons, 416.3ms
video 1/1 (frame 827/2392) /workspaces/yolo/video/12921779_3840_2160_29fps.mp4: 384x640 13 persons, 225.3ms
video 1/1 (frame 828/2392) /workspaces/yolo/video/12921779_3840_2160_29fps.mp4: 384x640 9 persons, 126.1ms
video 1/1 (frame 829/2392) /workspaces/yolo/video/12921779_3840_2160_29fps.mp4: 384x640 13 persons, 131.8ms
video 1/1 (frame 830/2392) /workspaces/yolo/video/12921779_3840_2160_29fps.mp4: 384x640 11 persons, 184.8ms
video 1/1 (frame 831/2392) /workspaces/yolo/video/12921779_3840_2160_29fps.mp4: 384x640 17 persons, 288.0ms
video 1/1 (frame 832/2392) /workspaces/yolo/video/12921779_3840_2160_29fps.mp4: 384x640 15 persons, 166.2ms
video 1/1 (frame 833/2392) /workspaces/yolo/video/12921779_3840_2160_29fps.mp4: 384x640 14 persons, 244.5ms
video 1/1 (frame 834/2392) /workspaces/yolo/video/12921779_3840_2160_29fps.mp4: 384x640 12 persons, 242.7ms
video 1/1 (frame 835/2392) /workspaces/yolo/video/12921779_3840_2160_29fps.mp4: 384x640 14 persons, 316.3ms
video 1/1 (frame 836/2392) /workspaces/yolo/video/12921779_3840_2160_29fps.mp4: 384x640 13 persons, 167.9ms
video 1/1 (frame 837/2392) /workspaces/yolo/video/12921779_3840_2160_29fps.mp4: 384x640 12 persons, 225.4ms
video 1/1 (frame 838/2392) /workspaces/yolo/video/12921779_3840_2160_29fps.mp4: 384x640 14 persons, 160.9ms
video 1/1 (frame 839/2392) /workspaces/yolo/video/12921779_3840_2160_29fps.mp4: 384x640 12 persons, 297.3ms
video 1/1 (frame 840/2392) /workspaces/yolo/video/12921779_3840_2160_29fps.mp4: 384x640 13 persons, 273.3ms
video 1/1 (frame 841/2392) /workspaces/yolo/video/12921779_3840_2160_29fps.mp4: 384x640 15 persons, 156.9ms
video 1/1 (frame 842/2392) /workspaces/yolo/video/12921779_3840_2160_29fps.mp4: 384x640 15 persons, 169.3ms
video 1/1 (frame 843/2392) /workspaces/yolo/video/12921779_3840_2160_29fps.mp4: 384x640 14 persons, 166.3ms
video 1/1 (frame 844/2392) /workspaces/yolo/video/12921779_3840_2160_29fps.mp4: 384x640 13 persons, 278.7ms
video 1/1 (frame 845/2392) /workspaces/yolo/video/12921779_3840_2160_29fps.mp4: 384x640 12 persons, 241.8ms
video 1/1 (frame 846/2392) /workspaces/yolo/video/12921779_3840_2160_29fps.mp4: 384x640 13 persons, 167.4ms
video 1/1 (frame 847/2392) /workspaces/yolo/video/12921779_3840_2160_29fps.mp4: 384x640 14 persons, 174.7ms
video 1/1 (frame 848/2392) /workspaces/yolo/video/12921779_3840_2160_29fps.mp4: 384x640 12 persons, 385.0ms
video 1/1 (frame 849/2392) /workspaces/yolo/video/12921779_3840_2160_29fps.mp4: 384x640 12 persons, 241.7ms
video 1/1 (frame 850/2392) /workspaces/yolo/video/12921779_3840_2160_29fps.mp4: 384x640 14 persons, 231.6ms
video 1/1 (frame 851/2392) /workspaces/yolo/video/12921779_3840_2160_29fps.mp4: 384x640 12 persons, 174.2ms
video 1/1 (frame 852/2392) /workspaces/yolo/video/12921779_3840_2160_29fps.mp4: 384x640 13 persons, 251.1ms
video 1/1 (frame 853/2392) /workspaces/yolo/video/12921779_3840_2160_29fps.mp4: 384x640 12 persons, 188.2ms
video 1/1 (frame 854/2392) /workspaces/yolo/video/12921779_3840_2160_29fps.mp4: 384x640 15 persons, 159.4ms
video 1/1 (frame 855/2392) /workspaces/yolo/video/12921779_3840_2160_29fps.mp4: 384x640 14 persons, 155.3ms
video 1/1 (frame 856/2392) /workspaces/yolo/video/12921779_3840_2160_29fps.mp4: 384x640 15 persons, 299.8ms
video 1/1 (frame 857/2392) /workspaces/yolo/video/12921779_3840_2160_29fps.mp4: 384x640 15 persons, 307.6ms
video 1/1 (frame 858/2392) /workspaces/yolo/video/12921779_3840_2160_29fps.mp4: 384x640 14 persons, 157.2ms
video 1/1 (frame 859/2392) /workspaces/yolo/video/12921779_3840_2160_29fps.mp4: 384x640 14 persons, 150.5ms
video 1/1 (frame 860/2392) /workspaces/yolo/video/12921779_3840_2160_29fps.mp4: 384x640 14 persons, 252.5ms
video 1/1 (frame 861/2392) /workspaces/yolo/video/12921779_3840_2160_29fps.mp4: 384x640 15 persons, 311.7ms
video 1/1 (frame 862/2392) /workspaces/yolo/video/12921779_3840_2160_29fps.mp4: 384x640 14 persons, 241.5ms
video 1/1 (frame 863/2392) /workspaces/yolo/video/12921779_3840_2160_29fps.mp4: 384x640 15 persons, 177.6ms
video 1/1 (frame 864/2392) /workspaces/yolo/video/12921779_3840_2160_29fps.mp4: 384x640 14 persons, 230.2ms
video 1/1 (frame 865/2392) /workspaces/yolo/video/12921779_3840_2160_29fps.mp4: 384x640 12 persons, 311.3ms
video 1/1 (frame 866/2392) /workspaces/yolo/video/12921779_3840_2160_29fps.mp4: 384x640 11 persons, 255.4ms
video 1/1 (frame 867/2392) /workspaces/yolo/video/12921779_3840_2160_29fps.mp4: 384x640 13 persons, 158.0ms
video 1/1 (frame 868/2392) /workspaces/yolo/video/12921779_3840_2160_29fps.mp4: 384x640 13 persons, 215.1ms
video 1/1 (frame 869/2392) /workspaces/yolo/video/12921779_3840_2160_29fps.mp4: 384x640 14 persons, 170.8ms
video 1/1 (frame 870/2392) /workspaces/yolo/video/12921779_3840_2160_29fps.mp4: 384x640 13 persons, 560.3ms
video 1/1 (frame 871/2392) /workspaces/yolo/video/12921779_3840_2160_29fps.mp4: 384x640 11 persons, 160.5ms
video 1/1 (frame 872/2392) /workspaces/yolo/video/12921779_3840_2160_29fps.mp4: 384x640 12 persons, 148.7ms
video 1/1 (frame 873/2392) /workspaces/yolo/video/12921779_3840_2160_29fps.mp4: 384x640 12 persons, 180.0ms
video 1/1 (frame 874/2392) /workspaces/yolo/video/12921779_3840_2160_29fps.mp4: 384x640 13 persons, 294.7ms
video 1/1 (frame 875/2392) /workspaces/yolo/video/12921779_3840_2160_29fps.mp4: 384x640 14 persons, 307.2ms
video 1/1 (frame 876/2392) /workspaces/yolo/video/12921779_3840_2160_29fps.mp4: 384x640 14 persons, 255.6ms
video 1/1 (frame 877/2392) /workspaces/yolo/video/12921779_3840_2160_29fps.mp4: 384x640 12 persons, 189.8ms
video 1/1 (frame 878/2392) /workspaces/yolo/video/12921779_3840_2160_29fps.mp4: 384x640 14 persons, 231.3ms
video 1/1 (frame 879/2392) /workspaces/yolo/video/12921779_3840_2160_29fps.mp4: 384x640 13 persons, 655.0ms
video 1/1 (frame 880/2392) /workspaces/yolo/video/12921779_3840_2160_29fps.mp4: 384x640 13 persons, 287.0ms
video 1/1 (frame 881/2392) /workspaces/yolo/video/12921779_3840_2160_29fps.mp4: 384x640 13 persons, 171.9ms
video 1/1 (frame 882/2392) /workspaces/yolo/video/12921779_3840_2160_29fps.mp4: 384x640 12 persons, 271.3ms
video 1/1 (frame 883/2392) /workspaces/yolo/video/12921779_3840_2160_29fps.mp4: 384x640 14 persons, 311.4ms
video 1/1 (frame 884/2392) /workspaces/yolo/video/12921779_3840_2160_29fps.mp4: 384x640 14 persons, 378.9ms
video 1/1 (frame 885/2392) /workspaces/yolo/video/12921779_3840_2160_29fps.mp4: 384x640 13 persons, 396.1ms
video 1/1 (frame 886/2392) /workspaces/yolo/video/12921779_3840_2160_29fps.mp4: 384x640 14 persons, 202.2ms
video 1/1 (frame 887/2392) /workspaces/yolo/video/12921779_3840_2160_29fps.mp4: 384x640 12 persons, 177.1ms
video 1/1 (frame 888/2392) /workspaces/yolo/video/12921779_3840_2160_29fps.mp4: 384x640 14 persons, 228.6ms
video 1/1 (frame 889/2392) /workspaces/yolo/video/12921779_3840_2160_29fps.mp4: 384x640 15 persons, 206.3ms
video 1/1 (frame 890/2392) /workspaces/yolo/video/12921779_3840_2160_29fps.mp4: 384x640 13 persons, 328.8ms
video 1/1 (frame 891/2392) /workspaces/yolo/video/12921779_3840_2160_29fps.mp4: 384x640 14 persons, 333.1ms
video 1/1 (frame 892/2392) /workspaces/yolo/video/12921779_3840_2160_29fps.mp4: 384x640 15 persons, 240.7ms
video 1/1 (frame 893/2392) /workspaces/yolo/video/12921779_3840_2160_29fps.mp4: 384x640 15 persons, 279.9ms
video 1/1 (frame 894/2392) /workspaces/yolo/video/12921779_3840_2160_29fps.mp4: 384x640 15 persons, 199.8ms
video 1/1 (frame 895/2392) /workspaces/yolo/video/12921779_3840_2160_29fps.mp4: 384x640 14 persons, 246.3ms
video 1/1 (frame 896/2392) /workspaces/yolo/video/12921779_3840_2160_29fps.mp4: 384x640 14 persons, 177.2ms
video 1/1 (frame 897/2392) /workspaces/yolo/video/12921779_3840_2160_29fps.mp4: 384x640 13 persons, 302.4ms
video 1/1 (frame 898/2392) /workspaces/yolo/video/12921779_3840_2160_29fps.mp4: 384x640 13 persons, 192.4ms
video 1/1 (frame 899/2392) /workspaces/yolo/video/12921779_3840_2160_29fps.mp4: 384x640 16 persons, 392.1ms
video 1/1 (frame 900/2392) /workspaces/yolo/video/12921779_3840_2160_29fps.mp4: 384x640 15 persons, 185.4ms
  已处理 900/2392 帧，累计总人数: 122
video 1/1 (frame 901/2392) /workspaces/yolo/video/12921779_3840_2160_29fps.mp4: 384x640 14 persons, 299.9ms
video 1/1 (frame 902/2392) /workspaces/yolo/video/12921779_3840_2160_29fps.mp4: 384x640 18 persons, 267.7ms
video 1/1 (frame 903/2392) /workspaces/yolo/video/12921779_3840_2160_29fps.mp4: 384x640 12 persons, 279.5ms
video 1/1 (frame 904/2392) /workspaces/yolo/video/12921779_3840_2160_29fps.mp4: 384x640 14 persons, 175.7ms
video 1/1 (frame 905/2392) /workspaces/yolo/video/12921779_3840_2160_29fps.mp4: 384x640 14 persons, 218.6ms
video 1/1 (frame 906/2392) /workspaces/yolo/video/12921779_3840_2160_29fps.mp4: 384x640 16 persons, 404.4ms
video 1/1 (frame 907/2392) /workspaces/yolo/video/12921779_3840_2160_29fps.mp4: 384x640 14 persons, 342.4ms
video 1/1 (frame 908/2392) /workspaces/yolo/video/12921779_3840_2160_29fps.mp4: 384x640 14 persons, 199.7ms
video 1/1 (frame 909/2392) /workspaces/yolo/video/12921779_3840_2160_29fps.mp4: 384x640 16 persons, 238.5ms
video 1/1 (frame 910/2392) /workspaces/yolo/video/12921779_3840_2160_29fps.mp4: 384x640 15 persons, 195.3ms
video 1/1 (frame 911/2392) /workspaces/yolo/video/12921779_3840_2160_29fps.mp4: 384x640 12 persons, 142.0ms
video 1/1 (frame 912/2392) /workspaces/yolo/video/12921779_3840_2160_29fps.mp4: 384x640 12 persons, 117.4ms
video 1/1 (frame 913/2392) /workspaces/yolo/video/12921779_3840_2160_29fps.mp4: 384x640 13 persons, 113.1ms
video 1/1 (frame 914/2392) /workspaces/yolo/video/12921779_3840_2160_29fps.mp4: 384x640 11 persons, 124.4ms
video 1/1 (frame 915/2392) /workspaces/yolo/video/12921779_3840_2160_29fps.mp4: 384x640 14 persons, 195.6ms
video 1/1 (frame 916/2392) /workspaces/yolo/video/12921779_3840_2160_29fps.mp4: 384x640 14 persons, 184.9ms
video 1/1 (frame 917/2392) /workspaces/yolo/video/12921779_3840_2160_29fps.mp4: 384x640 13 persons, 116.1ms
video 1/1 (frame 918/2392) /workspaces/yolo/video/12921779_3840_2160_29fps.mp4: 384x640 12 persons, 140.6ms
video 1/1 (frame 919/2392) /workspaces/yolo/video/12921779_3840_2160_29fps.mp4: 384x640 16 persons, 247.9ms
video 1/1 (frame 920/2392) /workspaces/yolo/video/12921779_3840_2160_29fps.mp4: 384x640 14 persons, 189.0ms
video 1/1 (frame 921/2392) /workspaces/yolo/video/12921779_3840_2160_29fps.mp4: 384x640 13 persons, 169.2ms
video 1/1 (frame 922/2392) /workspaces/yolo/video/12921779_3840_2160_29fps.mp4: 384x640 13 persons, 102.3ms
video 1/1 (frame 923/2392) /workspaces/yolo/video/12921779_3840_2160_29fps.mp4: 384x640 10 persons, 119.5ms
video 1/1 (frame 924/2392) /workspaces/yolo/video/12921779_3840_2160_29fps.mp4: 384x640 12 persons, 122.2ms
video 1/1 (frame 925/2392) /workspaces/yolo/video/12921779_3840_2160_29fps.mp4: 384x640 11 persons, 109.4ms
video 1/1 (frame 926/2392) /workspaces/yolo/video/12921779_3840_2160_29fps.mp4: 384x640 14 persons, 253.3ms
video 1/1 (frame 927/2392) /workspaces/yolo/video/12921779_3840_2160_29fps.mp4: 384x640 15 persons, 153.0ms
video 1/1 (frame 928/2392) /workspaces/yolo/video/12921779_3840_2160_29fps.mp4: 384x640 10 persons, 120.4ms
video 1/1 (frame 929/2392) /workspaces/yolo/video/12921779_3840_2160_29fps.mp4: 384x640 11 persons, 102.2ms
video 1/1 (frame 930/2392) /workspaces/yolo/video/12921779_3840_2160_29fps.mp4: 384x640 15 persons, 104.5ms
video 1/1 (frame 931/2392) /workspaces/yolo/video/12921779_3840_2160_29fps.mp4: 384x640 15 persons, 118.7ms
video 1/1 (frame 932/2392) /workspaces/yolo/video/12921779_3840_2160_29fps.mp4: 384x640 14 persons, 185.0ms
video 1/1 (frame 933/2392) /workspaces/yolo/video/12921779_3840_2160_29fps.mp4: 384x640 13 persons, 107.2ms
video 1/1 (frame 934/2392) /workspaces/yolo/video/12921779_3840_2160_29fps.mp4: 384x640 15 persons, 102.7ms
video 1/1 (frame 935/2392) /workspaces/yolo/video/12921779_3840_2160_29fps.mp4: 384x640 12 persons, 118.2ms
video 1/1 (frame 936/2392) /workspaces/yolo/video/12921779_3840_2160_29fps.mp4: 384x640 16 persons, 116.9ms
video 1/1 (frame 937/2392) /workspaces/yolo/video/12921779_3840_2160_29fps.mp4: 384x640 15 persons, 111.6ms
video 1/1 (frame 938/2392) /workspaces/yolo/video/12921779_3840_2160_29fps.mp4: 384x640 11 persons, 224.9ms
video 1/1 (frame 939/2392) /workspaces/yolo/video/12921779_3840_2160_29fps.mp4: 384x640 12 persons, 122.0ms
video 1/1 (frame 940/2392) /workspaces/yolo/video/12921779_3840_2160_29fps.mp4: 384x640 13 persons, 119.5ms
video 1/1 (frame 941/2392) /workspaces/yolo/video/12921779_3840_2160_29fps.mp4: 384x640 13 persons, 124.6ms
video 1/1 (frame 942/2392) /workspaces/yolo/video/12921779_3840_2160_29fps.mp4: 384x640 16 persons, 102.8ms
video 1/1 (frame 943/2392) /workspaces/yolo/video/12921779_3840_2160_29fps.mp4: 384x640 15 persons, 267.0ms
video 1/1 (frame 944/2392) /workspaces/yolo/video/12921779_3840_2160_29fps.mp4: 384x640 15 persons, 156.4ms
video 1/1 (frame 945/2392) /workspaces/yolo/video/12921779_3840_2160_29fps.mp4: 384x640 11 persons, 106.3ms
video 1/1 (frame 946/2392) /workspaces/yolo/video/12921779_3840_2160_29fps.mp4: 384x640 15 persons, 110.6ms
video 1/1 (frame 947/2392) /workspaces/yolo/video/12921779_3840_2160_29fps.mp4: 384x640 13 persons, 120.0ms
video 1/1 (frame 948/2392) /workspaces/yolo/video/12921779_3840_2160_29fps.mp4: 384x640 15 persons, 101.7ms
video 1/1 (frame 949/2392) /workspaces/yolo/video/12921779_3840_2160_29fps.mp4: 384x640 16 persons, 129.5ms
video 1/1 (frame 950/2392) /workspaces/yolo/video/12921779_3840_2160_29fps.mp4: 384x640 14 persons, 157.9ms
video 1/1 (frame 951/2392) /workspaces/yolo/video/12921779_3840_2160_29fps.mp4: 384x640 13 persons, 117.5ms
video 1/1 (frame 952/2392) /workspaces/yolo/video/12921779_3840_2160_29fps.mp4: 384x640 15 persons, 119.9ms
video 1/1 (frame 953/2392) /workspaces/yolo/video/12921779_3840_2160_29fps.mp4: 384x640 13 persons, 105.3ms
video 1/1 (frame 954/2392) /workspaces/yolo/video/12921779_3840_2160_29fps.mp4: 384x640 13 persons, 118.0ms
video 1/1 (frame 955/2392) /workspaces/yolo/video/12921779_3840_2160_29fps.mp4: 384x640 13 persons, 234.6ms
video 1/1 (frame 956/2392) /workspaces/yolo/video/12921779_3840_2160_29fps.mp4: 384x640 13 persons, 122.2ms
video 1/1 (frame 957/2392) /workspaces/yolo/video/12921779_3840_2160_29fps.mp4: 384x640 13 persons, 106.6ms
video 1/1 (frame 958/2392) /workspaces/yolo/video/12921779_3840_2160_29fps.mp4: 384x640 12 persons, 224.0ms
video 1/1 (frame 959/2392) /workspaces/yolo/video/12921779_3840_2160_29fps.mp4: 384x640 12 persons, 128.4ms
video 1/1 (frame 960/2392) /workspaces/yolo/video/12921779_3840_2160_29fps.mp4: 384x640 13 persons, 221.2ms
video 1/1 (frame 961/2392) /workspaces/yolo/video/12921779_3840_2160_29fps.mp4: 384x640 12 persons, 199.8ms
video 1/1 (frame 962/2392) /workspaces/yolo/video/12921779_3840_2160_29fps.mp4: 384x640 11 persons, 134.6ms
video 1/1 (frame 963/2392) /workspaces/yolo/video/12921779_3840_2160_29fps.mp4: 384x640 13 persons, 152.4ms
video 1/1 (frame 964/2392) /workspaces/yolo/video/12921779_3840_2160_29fps.mp4: 384x640 12 persons, 184.1ms
video 1/1 (frame 965/2392) /workspaces/yolo/video/12921779_3840_2160_29fps.mp4: 384x640 13 persons, 193.0ms
video 1/1 (frame 966/2392) /workspaces/yolo/video/12921779_3840_2160_29fps.mp4: 384x640 12 persons, 123.9ms
video 1/1 (frame 967/2392) /workspaces/yolo/video/12921779_3840_2160_29fps.mp4: 384x640 12 persons, 169.0ms
video 1/1 (frame 968/2392) /workspaces/yolo/video/12921779_3840_2160_29fps.mp4: 384x640 8 persons, 111.7ms
video 1/1 (frame 969/2392) /workspaces/yolo/video/12921779_3840_2160_29fps.mp4: 384x640 11 persons, 103.7ms
video 1/1 (frame 970/2392) /workspaces/yolo/video/12921779_3840_2160_29fps.mp4: 384x640 11 persons, 110.6ms
video 1/1 (frame 971/2392) /workspaces/yolo/video/12921779_3840_2160_29fps.mp4: 384x640 13 persons, 134.5ms
video 1/1 (frame 972/2392) /workspaces/yolo/video/12921779_3840_2160_29fps.mp4: 384x640 13 persons, 187.2ms
video 1/1 (frame 973/2392) /workspaces/yolo/video/12921779_3840_2160_29fps.mp4: 384x640 12 persons, 100.3ms
video 1/1 (frame 974/2392) /workspaces/yolo/video/12921779_3840_2160_29fps.mp4: 384x640 11 persons, 112.2ms
video 1/1 (frame 975/2392) /workspaces/yolo/video/12921779_3840_2160_29fps.mp4: 384x640 10 persons, 110.5ms
video 1/1 (frame 976/2392) /workspaces/yolo/video/12921779_3840_2160_29fps.mp4: 384x640 10 persons, 113.4ms
video 1/1 (frame 977/2392) /workspaces/yolo/video/12921779_3840_2160_29fps.mp4: 384x640 9 persons, 111.1ms
video 1/1 (frame 978/2392) /workspaces/yolo/video/12921779_3840_2160_29fps.mp4: 384x640 11 persons, 145.3ms
video 1/1 (frame 979/2392) /workspaces/yolo/video/12921779_3840_2160_29fps.mp4: 384x640 11 persons, 106.1ms
video 1/1 (frame 980/2392) /workspaces/yolo/video/12921779_3840_2160_29fps.mp4: 384x640 8 persons, 158.3ms
video 1/1 (frame 981/2392) /workspaces/yolo/video/12921779_3840_2160_29fps.mp4: 384x640 8 persons, 104.1ms
video 1/1 (frame 982/2392) /workspaces/yolo/video/12921779_3840_2160_29fps.mp4: 384x640 11 persons, 117.7ms
video 1/1 (frame 983/2392) /workspaces/yolo/video/12921779_3840_2160_29fps.mp4: 384x640 10 persons, 121.4ms
video 1/1 (frame 984/2392) /workspaces/yolo/video/12921779_3840_2160_29fps.mp4: 384x640 10 persons, 196.2ms
video 1/1 (frame 985/2392) /workspaces/yolo/video/12921779_3840_2160_29fps.mp4: 384x640 13 persons, 121.8ms
video 1/1 (frame 986/2392) /workspaces/yolo/video/12921779_3840_2160_29fps.mp4: 384x640 10 persons, 152.9ms
video 1/1 (frame 987/2392) /workspaces/yolo/video/12921779_3840_2160_29fps.mp4: 384x640 10 persons, 113.6ms
video 1/1 (frame 988/2392) /workspaces/yolo/video/12921779_3840_2160_29fps.mp4: 384x640 11 persons, 105.4ms
video 1/1 (frame 989/2392) /workspaces/yolo/video/12921779_3840_2160_29fps.mp4: 384x640 13 persons, 114.1ms
video 1/1 (frame 990/2392) /workspaces/yolo/video/12921779_3840_2160_29fps.mp4: 384x640 11 persons, 117.3ms
video 1/1 (frame 991/2392) /workspaces/yolo/video/12921779_3840_2160_29fps.mp4: 384x640 11 persons, 117.2ms
video 1/1 (frame 992/2392) /workspaces/yolo/video/12921779_3840_2160_29fps.mp4: 384x640 10 persons, 125.4ms
video 1/1 (frame 993/2392) /workspaces/yolo/video/12921779_3840_2160_29fps.mp4: 384x640 11 persons, 107.5ms
video 1/1 (frame 994/2392) /workspaces/yolo/video/12921779_3840_2160_29fps.mp4: 384x640 10 persons, 128.6ms
video 1/1 (frame 995/2392) /workspaces/yolo/video/12921779_3840_2160_29fps.mp4: 384x640 8 persons, 109.8ms
video 1/1 (frame 996/2392) /workspaces/yolo/video/12921779_3840_2160_29fps.mp4: 384x640 9 persons, 145.2ms
video 1/1 (frame 997/2392) /workspaces/yolo/video/12921779_3840_2160_29fps.mp4: 384x640 11 persons, 133.2ms
video 1/1 (frame 998/2392) /workspaces/yolo/video/12921779_3840_2160_29fps.mp4: 384x640 9 persons, 166.8ms
video 1/1 (frame 999/2392) /workspaces/yolo/video/12921779_3840_2160_29fps.mp4: 384x640 10 persons, 97.1ms
video 1/1 (frame 1000/2392) /workspaces/yolo/video/12921779_3840_2160_29fps.mp4: 384x640 11 persons, 144.9ms
  已处理 1000/2392 帧，累计总人数: 130
video 1/1 (frame 1001/2392) /workspaces/yolo/video/12921779_3840_2160_29fps.mp4: 384x640 10 persons, 117.5ms
video 1/1 (frame 1002/2392) /workspaces/yolo/video/12921779_3840_2160_29fps.mp4: 384x640 14 persons, 137.1ms
video 1/1 (frame 1003/2392) /workspaces/yolo/video/12921779_3840_2160_29fps.mp4: 384x640 12 persons, 107.5ms
video 1/1 (frame 1004/2392) /workspaces/yolo/video/12921779_3840_2160_29fps.mp4: 384x640 11 persons, 134.1ms
video 1/1 (frame 1005/2392) /workspaces/yolo/video/12921779_3840_2160_29fps.mp4: 384x640 8 persons, 101.1ms
video 1/1 (frame 1006/2392) /workspaces/yolo/video/12921779_3840_2160_29fps.mp4: 384x640 15 persons, 111.0ms
video 1/1 (frame 1007/2392) /workspaces/yolo/video/12921779_3840_2160_29fps.mp4: 384x640 12 persons, 130.6ms
video 1/1 (frame 1008/2392) /workspaces/yolo/video/12921779_3840_2160_29fps.mp4: 384x640 12 persons, 196.3ms
video 1/1 (frame 1009/2392) /workspaces/yolo/video/12921779_3840_2160_29fps.mp4: 384x640 13 persons, 172.8ms
video 1/1 (frame 1010/2392) /workspaces/yolo/video/12921779_3840_2160_29fps.mp4: 384x640 10 persons, 105.7ms
video 1/1 (frame 1011/2392) /workspaces/yolo/video/12921779_3840_2160_29fps.mp4: 384x640 11 persons, 119.1ms
video 1/1 (frame 1012/2392) /workspaces/yolo/video/12921779_3840_2160_29fps.mp4: 384x640 10 persons, 105.9ms
video 1/1 (frame 1013/2392) /workspaces/yolo/video/12921779_3840_2160_29fps.mp4: 384x640 8 persons, 141.3ms
video 1/1 (frame 1014/2392) /workspaces/yolo/video/12921779_3840_2160_29fps.mp4: 384x640 9 persons, 162.7ms
video 1/1 (frame 1015/2392) /workspaces/yolo/video/12921779_3840_2160_29fps.mp4: 384x640 12 persons, 120.5ms
video 1/1 (frame 1016/2392) /workspaces/yolo/video/12921779_3840_2160_29fps.mp4: 384x640 14 persons, 111.1ms
video 1/1 (frame 1017/2392) /workspaces/yolo/video/12921779_3840_2160_29fps.mp4: 384x640 14 persons, 110.3ms
video 1/1 (frame 1018/2392) /workspaces/yolo/video/12921779_3840_2160_29fps.mp4: 384x640 11 persons, 105.6ms
video 1/1 (frame 1019/2392) /workspaces/yolo/video/12921779_3840_2160_29fps.mp4: 384x640 13 persons, 142.6ms
video 1/1 (frame 1020/2392) /workspaces/yolo/video/12921779_3840_2160_29fps.mp4: 384x640 12 persons, 138.3ms
video 1/1 (frame 1021/2392) /workspaces/yolo/video/12921779_3840_2160_29fps.mp4: 384x640 13 persons, 111.9ms
video 1/1 (frame 1022/2392) /workspaces/yolo/video/12921779_3840_2160_29fps.mp4: 384x640 11 persons, 106.2ms
video 1/1 (frame 1023/2392) /workspaces/yolo/video/12921779_3840_2160_29fps.mp4: 384x640 11 persons, 142.4ms
video 1/1 (frame 1024/2392) /workspaces/yolo/video/12921779_3840_2160_29fps.mp4: 384x640 10 persons, 108.0ms
video 1/1 (frame 1025/2392) /workspaces/yolo/video/12921779_3840_2160_29fps.mp4: 384x640 11 persons, 107.5ms
video 1/1 (frame 1026/2392) /workspaces/yolo/video/12921779_3840_2160_29fps.mp4: 384x640 12 persons, 129.0ms
video 1/1 (frame 1027/2392) /workspaces/yolo/video/12921779_3840_2160_29fps.mp4: 384x640 9 persons, 163.0ms
video 1/1 (frame 1028/2392) /workspaces/yolo/video/12921779_3840_2160_29fps.mp4: 384x640 11 persons, 128.3ms
video 1/1 (frame 1029/2392) /workspaces/yolo/video/12921779_3840_2160_29fps.mp4: 384x640 13 persons, 157.0ms
video 1/1 (frame 1030/2392) /workspaces/yolo/video/12921779_3840_2160_29fps.mp4: 384x640 13 persons, 156.8ms
video 1/1 (frame 1031/2392) /workspaces/yolo/video/12921779_3840_2160_29fps.mp4: 384x640 12 persons, 325.8ms
video 1/1 (frame 1032/2392) /workspaces/yolo/video/12921779_3840_2160_29fps.mp4: 384x640 12 persons, 153.3ms
video 1/1 (frame 1033/2392) /workspaces/yolo/video/12921779_3840_2160_29fps.mp4: 384x640 12 persons, 134.3ms
video 1/1 (frame 1034/2392) /workspaces/yolo/video/12921779_3840_2160_29fps.mp4: 384x640 12 persons, 124.5ms
video 1/1 (frame 1035/2392) /workspaces/yolo/video/12921779_3840_2160_29fps.mp4: 384x640 14 persons, 118.9ms
video 1/1 (frame 1036/2392) /workspaces/yolo/video/12921779_3840_2160_29fps.mp4: 384x640 12 persons, 122.0ms
video 1/1 (frame 1037/2392) /workspaces/yolo/video/12921779_3840_2160_29fps.mp4: 384x640 10 persons, 148.1ms
video 1/1 (frame 1038/2392) /workspaces/yolo/video/12921779_3840_2160_29fps.mp4: 384x640 10 persons, 136.4ms
video 1/1 (frame 1039/2392) /workspaces/yolo/video/12921779_3840_2160_29fps.mp4: 384x640 14 persons, 113.4ms
video 1/1 (frame 1040/2392) /workspaces/yolo/video/12921779_3840_2160_29fps.mp4: 384x640 12 persons, 105.0ms
video 1/1 (frame 1041/2392) /workspaces/yolo/video/12921779_3840_2160_29fps.mp4: 384x640 10 persons, 177.5ms
video 1/1 (frame 1042/2392) /workspaces/yolo/video/12921779_3840_2160_29fps.mp4: 384x640 12 persons, 154.1ms
video 1/1 (frame 1043/2392) /workspaces/yolo/video/12921779_3840_2160_29fps.mp4: 384x640 12 persons, 112.9ms
video 1/1 (frame 1044/2392) /workspaces/yolo/video/12921779_3840_2160_29fps.mp4: 384x640 11 persons, 104.4ms
video 1/1 (frame 1045/2392) /workspaces/yolo/video/12921779_3840_2160_29fps.mp4: 384x640 9 persons, 103.0ms
video 1/1 (frame 1046/2392) /workspaces/yolo/video/12921779_3840_2160_29fps.mp4: 384x640 8 persons, 216.1ms
video 1/1 (frame 1047/2392) /workspaces/yolo/video/12921779_3840_2160_29fps.mp4: 384x640 10 persons, 122.5ms
video 1/1 (frame 1048/2392) /workspaces/yolo/video/12921779_3840_2160_29fps.mp4: 384x640 7 persons, 357.5ms
video 1/1 (frame 1049/2392) /workspaces/yolo/video/12921779_3840_2160_29fps.mp4: 384x640 13 persons, 225.5ms
video 1/1 (frame 1050/2392) /workspaces/yolo/video/12921779_3840_2160_29fps.mp4: 384x640 12 persons, 126.2ms
video 1/1 (frame 1051/2392) /workspaces/yolo/video/12921779_3840_2160_29fps.mp4: 384x640 12 persons, 140.6ms
video 1/1 (frame 1052/2392) /workspaces/yolo/video/12921779_3840_2160_29fps.mp4: 384x640 14 persons, 121.8ms
video 1/1 (frame 1053/2392) /workspaces/yolo/video/12921779_3840_2160_29fps.mp4: 384x640 14 persons, 156.9ms
video 1/1 (frame 1054/2392) /workspaces/yolo/video/12921779_3840_2160_29fps.mp4: 384x640 13 persons, 122.2ms
video 1/1 (frame 1055/2392) /workspaces/yolo/video/12921779_3840_2160_29fps.mp4: 384x640 12 persons, 109.1ms
video 1/1 (frame 1056/2392) /workspaces/yolo/video/12921779_3840_2160_29fps.mp4: 384x640 12 persons, 140.8ms
video 1/1 (frame 1057/2392) /workspaces/yolo/video/12921779_3840_2160_29fps.mp4: 384x640 11 persons, 104.2ms
video 1/1 (frame 1058/2392) /workspaces/yolo/video/12921779_3840_2160_29fps.mp4: 384x640 10 persons, 127.3ms
video 1/1 (frame 1059/2392) /workspaces/yolo/video/12921779_3840_2160_29fps.mp4: 384x640 10 persons, 129.1ms
video 1/1 (frame 1060/2392) /workspaces/yolo/video/12921779_3840_2160_29fps.mp4: 384x640 10 persons, 116.1ms
video 1/1 (frame 1061/2392) /workspaces/yolo/video/12921779_3840_2160_29fps.mp4: 384x640 11 persons, 103.8ms
video 1/1 (frame 1062/2392) /workspaces/yolo/video/12921779_3840_2160_29fps.mp4: 384x640 10 persons, 126.5ms
video 1/1 (frame 1063/2392) /workspaces/yolo/video/12921779_3840_2160_29fps.mp4: 384x640 13 persons, 99.7ms
video 1/1 (frame 1064/2392) /workspaces/yolo/video/12921779_3840_2160_29fps.mp4: 384x640 12 persons, 99.4ms
video 1/1 (frame 1065/2392) /workspaces/yolo/video/12921779_3840_2160_29fps.mp4: 384x640 14 persons, 103.1ms
video 1/1 (frame 1066/2392) /workspaces/yolo/video/12921779_3840_2160_29fps.mp4: 384x640 13 persons, 186.3ms
video 1/1 (frame 1067/2392) /workspaces/yolo/video/12921779_3840_2160_29fps.mp4: 384x640 14 persons, 107.3ms
video 1/1 (frame 1068/2392) /workspaces/yolo/video/12921779_3840_2160_29fps.mp4: 384x640 13 persons, 96.7ms
video 1/1 (frame 1069/2392) /workspaces/yolo/video/12921779_3840_2160_29fps.mp4: 384x640 11 persons, 104.1ms
video 1/1 (frame 1070/2392) /workspaces/yolo/video/12921779_3840_2160_29fps.mp4: 384x640 13 persons, 178.8ms
video 1/1 (frame 1071/2392) /workspaces/yolo/video/12921779_3840_2160_29fps.mp4: 384x640 11 persons, 178.3ms
video 1/1 (frame 1072/2392) /workspaces/yolo/video/12921779_3840_2160_29fps.mp4: 384x640 13 persons, 201.4ms
video 1/1 (frame 1073/2392) /workspaces/yolo/video/12921779_3840_2160_29fps.mp4: 384x640 12 persons, 159.8ms
video 1/1 (frame 1074/2392) /workspaces/yolo/video/12921779_3840_2160_29fps.mp4: 384x640 11 persons, 233.3ms
video 1/1 (frame 1075/2392) /workspaces/yolo/video/12921779_3840_2160_29fps.mp4: 384x640 13 persons, 219.5ms
video 1/1 (frame 1076/2392) /workspaces/yolo/video/12921779_3840_2160_29fps.mp4: 384x640 12 persons, 433.3ms
video 1/1 (frame 1077/2392) /workspaces/yolo/video/12921779_3840_2160_29fps.mp4: 384x640 10 persons, 300.5ms
video 1/1 (frame 1078/2392) /workspaces/yolo/video/12921779_3840_2160_29fps.mp4: 384x640 11 persons, 258.2ms
video 1/1 (frame 1079/2392) /workspaces/yolo/video/12921779_3840_2160_29fps.mp4: 384x640 12 persons, 246.1ms
video 1/1 (frame 1080/2392) /workspaces/yolo/video/12921779_3840_2160_29fps.mp4: 384x640 12 persons, 224.8ms
video 1/1 (frame 1081/2392) /workspaces/yolo/video/12921779_3840_2160_29fps.mp4: 384x640 12 persons, 418.5ms
video 1/1 (frame 1082/2392) /workspaces/yolo/video/12921779_3840_2160_29fps.mp4: 384x640 13 persons, 516.9ms
video 1/1 (frame 1083/2392) /workspaces/yolo/video/12921779_3840_2160_29fps.mp4: 384x640 13 persons, 179.0ms
video 1/1 (frame 1084/2392) /workspaces/yolo/video/12921779_3840_2160_29fps.mp4: 384x640 14 persons, 430.8ms
video 1/1 (frame 1085/2392) /workspaces/yolo/video/12921779_3840_2160_29fps.mp4: 384x640 15 persons, 184.0ms
video 1/1 (frame 1086/2392) /workspaces/yolo/video/12921779_3840_2160_29fps.mp4: 384x640 15 persons, 248.0ms
video 1/1 (frame 1087/2392) /workspaces/yolo/video/12921779_3840_2160_29fps.mp4: 384x640 14 persons, 432.3ms
video 1/1 (frame 1088/2392) /workspaces/yolo/video/12921779_3840_2160_29fps.mp4: 384x640 14 persons, 296.7ms
video 1/1 (frame 1089/2392) /workspaces/yolo/video/12921779_3840_2160_29fps.mp4: 384x640 15 persons, 185.9ms
video 1/1 (frame 1090/2392) /workspaces/yolo/video/12921779_3840_2160_29fps.mp4: 384x640 13 persons, 393.1ms
video 1/1 (frame 1091/2392) /workspaces/yolo/video/12921779_3840_2160_29fps.mp4: 384x640 14 persons, 223.7ms
video 1/1 (frame 1092/2392) /workspaces/yolo/video/12921779_3840_2160_29fps.mp4: 384x640 10 persons, 345.4ms
video 1/1 (frame 1093/2392) /workspaces/yolo/video/12921779_3840_2160_29fps.mp4: 384x640 12 persons, 308.3ms
video 1/1 (frame 1094/2392) /workspaces/yolo/video/12921779_3840_2160_29fps.mp4: 384x640 12 persons, 349.6ms
video 1/1 (frame 1095/2392) /workspaces/yolo/video/12921779_3840_2160_29fps.mp4: 384x640 11 persons, 277.9ms
video 1/1 (frame 1096/2392) /workspaces/yolo/video/12921779_3840_2160_29fps.mp4: 384x640 12 persons, 354.8ms
video 1/1 (frame 1097/2392) /workspaces/yolo/video/12921779_3840_2160_29fps.mp4: 384x640 12 persons, 282.9ms
video 1/1 (frame 1098/2392) /workspaces/yolo/video/12921779_3840_2160_29fps.mp4: 384x640 12 persons, 155.0ms
video 1/1 (frame 1099/2392) /workspaces/yolo/video/12921779_3840_2160_29fps.mp4: 384x640 10 persons, 171.9ms
video 1/1 (frame 1100/2392) /workspaces/yolo/video/12921779_3840_2160_29fps.mp4: 384x640 10 persons, 153.7ms
  已处理 1100/2392 帧，累计总人数: 140
video 1/1 (frame 1101/2392) /workspaces/yolo/video/12921779_3840_2160_29fps.mp4: 384x640 8 persons, 192.7ms
video 1/1 (frame 1102/2392) /workspaces/yolo/video/12921779_3840_2160_29fps.mp4: 384x640 10 persons, 327.0ms
video 1/1 (frame 1103/2392) /workspaces/yolo/video/12921779_3840_2160_29fps.mp4: 384x640 11 persons, 209.3ms
video 1/1 (frame 1104/2392) /workspaces/yolo/video/12921779_3840_2160_29fps.mp4: 384x640 12 persons, 432.2ms
video 1/1 (frame 1105/2392) /workspaces/yolo/video/12921779_3840_2160_29fps.mp4: 384x640 12 persons, 200.0ms
video 1/1 (frame 1106/2392) /workspaces/yolo/video/12921779_3840_2160_29fps.mp4: 384x640 12 persons, 285.6ms
video 1/1 (frame 1107/2392) /workspaces/yolo/video/12921779_3840_2160_29fps.mp4: 384x640 11 persons, 211.8ms
video 1/1 (frame 1108/2392) /workspaces/yolo/video/12921779_3840_2160_29fps.mp4: 384x640 11 persons, 235.5ms
video 1/1 (frame 1109/2392) /workspaces/yolo/video/12921779_3840_2160_29fps.mp4: 384x640 9 persons, 130.8ms
video 1/1 (frame 1110/2392) /workspaces/yolo/video/12921779_3840_2160_29fps.mp4: 384x640 13 persons, 296.5ms
video 1/1 (frame 1111/2392) /workspaces/yolo/video/12921779_3840_2160_29fps.mp4: 384x640 11 persons, 169.9ms
video 1/1 (frame 1112/2392) /workspaces/yolo/video/12921779_3840_2160_29fps.mp4: 384x640 13 persons, 210.1ms
video 1/1 (frame 1113/2392) /workspaces/yolo/video/12921779_3840_2160_29fps.mp4: 384x640 13 persons, 463.7ms
video 1/1 (frame 1114/2392) /workspaces/yolo/video/12921779_3840_2160_29fps.mp4: 384x640 10 persons, 242.8ms
video 1/1 (frame 1115/2392) /workspaces/yolo/video/12921779_3840_2160_29fps.mp4: 384x640 12 persons, 309.8ms
video 1/1 (frame 1116/2392) /workspaces/yolo/video/12921779_3840_2160_29fps.mp4: 384x640 8 persons, 171.8ms
video 1/1 (frame 1117/2392) /workspaces/yolo/video/12921779_3840_2160_29fps.mp4: 384x640 11 persons, 150.4ms
video 1/1 (frame 1118/2392) /workspaces/yolo/video/12921779_3840_2160_29fps.mp4: 384x640 12 persons, 334.3ms
video 1/1 (frame 1119/2392) /workspaces/yolo/video/12921779_3840_2160_29fps.mp4: 384x640 12 persons, 370.3ms
video 1/1 (frame 1120/2392) /workspaces/yolo/video/12921779_3840_2160_29fps.mp4: 384x640 11 persons, 351.7ms
video 1/1 (frame 1121/2392) /workspaces/yolo/video/12921779_3840_2160_29fps.mp4: 384x640 11 persons, 262.4ms
video 1/1 (frame 1122/2392) /workspaces/yolo/video/12921779_3840_2160_29fps.mp4: 384x640 13 persons, 312.2ms
video 1/1 (frame 1123/2392) /workspaces/yolo/video/12921779_3840_2160_29fps.mp4: 384x640 15 persons, 187.9ms
video 1/1 (frame 1124/2392) /workspaces/yolo/video/12921779_3840_2160_29fps.mp4: 384x640 16 persons, 181.4ms
video 1/1 (frame 1125/2392) /workspaces/yolo/video/12921779_3840_2160_29fps.mp4: 384x640 14 persons, 434.1ms
video 1/1 (frame 1126/2392) /workspaces/yolo/video/12921779_3840_2160_29fps.mp4: 384x640 16 persons, 544.8ms
video 1/1 (frame 1127/2392) /workspaces/yolo/video/12921779_3840_2160_29fps.mp4: 384x640 15 persons, 204.6ms
video 1/1 (frame 1128/2392) /workspaces/yolo/video/12921779_3840_2160_29fps.mp4: 384x640 14 persons, 212.8ms
video 1/1 (frame 1129/2392) /workspaces/yolo/video/12921779_3840_2160_29fps.mp4: 384x640 14 persons, 297.7ms
video 1/1 (frame 1130/2392) /workspaces/yolo/video/12921779_3840_2160_29fps.mp4: 384x640 12 persons, 211.5ms
video 1/1 (frame 1131/2392) /workspaces/yolo/video/12921779_3840_2160_29fps.mp4: 384x640 11 persons, 228.1ms
video 1/1 (frame 1132/2392) /workspaces/yolo/video/12921779_3840_2160_29fps.mp4: 384x640 11 persons, 172.0ms
video 1/1 (frame 1133/2392) /workspaces/yolo/video/12921779_3840_2160_29fps.mp4: 384x640 12 persons, 241.6ms
video 1/1 (frame 1134/2392) /workspaces/yolo/video/12921779_3840_2160_29fps.mp4: 384x640 12 persons, 262.4ms
video 1/1 (frame 1135/2392) /workspaces/yolo/video/12921779_3840_2160_29fps.mp4: 384x640 12 persons, 176.6ms
video 1/1 (frame 1136/2392) /workspaces/yolo/video/12921779_3840_2160_29fps.mp4: 384x640 13 persons, 135.7ms
video 1/1 (frame 1137/2392) /workspaces/yolo/video/12921779_3840_2160_29fps.mp4: 384x640 14 persons, 162.9ms
video 1/1 (frame 1138/2392) /workspaces/yolo/video/12921779_3840_2160_29fps.mp4: 384x640 14 persons, 134.9ms
video 1/1 (frame 1139/2392) /workspaces/yolo/video/12921779_3840_2160_29fps.mp4: 384x640 14 persons, 286.0ms
video 1/1 (frame 1140/2392) /workspaces/yolo/video/12921779_3840_2160_29fps.mp4: 384x640 13 persons, 148.2ms
video 1/1 (frame 1141/2392) /workspaces/yolo/video/12921779_3840_2160_29fps.mp4: 384x640 13 persons, 200.0ms
video 1/1 (frame 1142/2392) /workspaces/yolo/video/12921779_3840_2160_29fps.mp4: 384x640 12 persons, 221.1ms
video 1/1 (frame 1143/2392) /workspaces/yolo/video/12921779_3840_2160_29fps.mp4: 384x640 10 persons, 414.1ms
video 1/1 (frame 1144/2392) /workspaces/yolo/video/12921779_3840_2160_29fps.mp4: 384x640 11 persons, 314.8ms
video 1/1 (frame 1145/2392) /workspaces/yolo/video/12921779_3840_2160_29fps.mp4: 384x640 12 persons, 257.3ms
video 1/1 (frame 1146/2392) /workspaces/yolo/video/12921779_3840_2160_29fps.mp4: 384x640 12 persons, 272.1ms
video 1/1 (frame 1147/2392) /workspaces/yolo/video/12921779_3840_2160_29fps.mp4: 384x640 11 persons, 149.9ms
video 1/1 (frame 1148/2392) /workspaces/yolo/video/12921779_3840_2160_29fps.mp4: 384x640 13 persons, 104.6ms
video 1/1 (frame 1149/2392) /workspaces/yolo/video/12921779_3840_2160_29fps.mp4: 384x640 13 persons, 102.8ms
video 1/1 (frame 1150/2392) /workspaces/yolo/video/12921779_3840_2160_29fps.mp4: 384x640 13 persons, 115.5ms
video 1/1 (frame 1151/2392) /workspaces/yolo/video/12921779_3840_2160_29fps.mp4: 384x640 11 persons, 102.7ms
video 1/1 (frame 1152/2392) /workspaces/yolo/video/12921779_3840_2160_29fps.mp4: 384x640 11 persons, 113.7ms
video 1/1 (frame 1153/2392) /workspaces/yolo/video/12921779_3840_2160_29fps.mp4: 384x640 13 persons, 127.4ms
video 1/1 (frame 1154/2392) /workspaces/yolo/video/12921779_3840_2160_29fps.mp4: 384x640 13 persons, 174.7ms
video 1/1 (frame 1155/2392) /workspaces/yolo/video/12921779_3840_2160_29fps.mp4: 384x640 14 persons, 106.2ms
video 1/1 (frame 1156/2392) /workspaces/yolo/video/12921779_3840_2160_29fps.mp4: 384x640 14 persons, 102.0ms
video 1/1 (frame 1157/2392) /workspaces/yolo/video/12921779_3840_2160_29fps.mp4: 384x640 12 persons, 106.8ms
video 1/1 (frame 1158/2392) /workspaces/yolo/video/12921779_3840_2160_29fps.mp4: 384x640 14 persons, 166.6ms
video 1/1 (frame 1159/2392) /workspaces/yolo/video/12921779_3840_2160_29fps.mp4: 384x640 13 persons, 241.0ms
video 1/1 (frame 1160/2392) /workspaces/yolo/video/12921779_3840_2160_29fps.mp4: 384x640 12 persons, 127.9ms
video 1/1 (frame 1161/2392) /workspaces/yolo/video/12921779_3840_2160_29fps.mp4: 384x640 13 persons, 101.5ms
video 1/1 (frame 1162/2392) /workspaces/yolo/video/12921779_3840_2160_29fps.mp4: 384x640 13 persons, 156.6ms
video 1/1 (frame 1163/2392) /workspaces/yolo/video/12921779_3840_2160_29fps.mp4: 384x640 14 persons, 103.1ms
video 1/1 (frame 1164/2392) /workspaces/yolo/video/12921779_3840_2160_29fps.mp4: 384x640 15 persons, 97.5ms
video 1/1 (frame 1165/2392) /workspaces/yolo/video/12921779_3840_2160_29fps.mp4: 384x640 14 persons, 101.1ms
video 1/1 (frame 1166/2392) /workspaces/yolo/video/12921779_3840_2160_29fps.mp4: 384x640 14 persons, 169.3ms
video 1/1 (frame 1167/2392) /workspaces/yolo/video/12921779_3840_2160_29fps.mp4: 384x640 13 persons, 104.8ms
video 1/1 (frame 1168/2392) /workspaces/yolo/video/12921779_3840_2160_29fps.mp4: 384x640 14 persons, 94.3ms
video 1/1 (frame 1169/2392) /workspaces/yolo/video/12921779_3840_2160_29fps.mp4: 384x640 15 persons, 113.7ms
video 1/1 (frame 1170/2392) /workspaces/yolo/video/12921779_3840_2160_29fps.mp4: 384x640 13 persons, 102.8ms
video 1/1 (frame 1171/2392) /workspaces/yolo/video/12921779_3840_2160_29fps.mp4: 384x640 12 persons, 99.9ms
video 1/1 (frame 1172/2392) /workspaces/yolo/video/12921779_3840_2160_29fps.mp4: 384x640 12 persons, 108.1ms
video 1/1 (frame 1173/2392) /workspaces/yolo/video/12921779_3840_2160_29fps.mp4: 384x640 13 persons, 404.2ms
video 1/1 (frame 1174/2392) /workspaces/yolo/video/12921779_3840_2160_29fps.mp4: 384x640 13 persons, 97.9ms
video 1/1 (frame 1175/2392) /workspaces/yolo/video/12921779_3840_2160_29fps.mp4: 384x640 13 persons, 96.1ms
video 1/1 (frame 1176/2392) /workspaces/yolo/video/12921779_3840_2160_29fps.mp4: 384x640 12 persons, 122.8ms
video 1/1 (frame 1177/2392) /workspaces/yolo/video/12921779_3840_2160_29fps.mp4: 384x640 11 persons, 117.2ms
video 1/1 (frame 1178/2392) /workspaces/yolo/video/12921779_3840_2160_29fps.mp4: 384x640 12 persons, 118.2ms
video 1/1 (frame 1179/2392) /workspaces/yolo/video/12921779_3840_2160_29fps.mp4: 384x640 11 persons, 136.4ms
video 1/1 (frame 1180/2392) /workspaces/yolo/video/12921779_3840_2160_29fps.mp4: 384x640 11 persons, 115.9ms
video 1/1 (frame 1181/2392) /workspaces/yolo/video/12921779_3840_2160_29fps.mp4: 384x640 11 persons, 170.0ms
video 1/1 (frame 1182/2392) /workspaces/yolo/video/12921779_3840_2160_29fps.mp4: 384x640 13 persons, 129.0ms
video 1/1 (frame 1183/2392) /workspaces/yolo/video/12921779_3840_2160_29fps.mp4: 384x640 13 persons, 101.9ms
video 1/1 (frame 1184/2392) /workspaces/yolo/video/12921779_3840_2160_29fps.mp4: 384x640 13 persons, 97.4ms
video 1/1 (frame 1185/2392) /workspaces/yolo/video/12921779_3840_2160_29fps.mp4: 384x640 12 persons, 118.5ms
video 1/1 (frame 1186/2392) /workspaces/yolo/video/12921779_3840_2160_29fps.mp4: 384x640 10 persons, 209.1ms
video 1/1 (frame 1187/2392) /workspaces/yolo/video/12921779_3840_2160_29fps.mp4: 384x640 9 persons, 123.9ms
video 1/1 (frame 1188/2392) /workspaces/yolo/video/12921779_3840_2160_29fps.mp4: 384x640 11 persons, 97.8ms
video 1/1 (frame 1189/2392) /workspaces/yolo/video/12921779_3840_2160_29fps.mp4: 384x640 13 persons, 124.7ms
video 1/1 (frame 1190/2392) /workspaces/yolo/video/12921779_3840_2160_29fps.mp4: 384x640 10 persons, 102.9ms
video 1/1 (frame 1191/2392) /workspaces/yolo/video/12921779_3840_2160_29fps.mp4: 384x640 9 persons, 108.3ms
video 1/1 (frame 1192/2392) /workspaces/yolo/video/12921779_3840_2160_29fps.mp4: 384x640 11 persons, 124.4ms
video 1/1 (frame 1193/2392) /workspaces/yolo/video/12921779_3840_2160_29fps.mp4: 384x640 11 persons, 150.8ms
video 1/1 (frame 1194/2392) /workspaces/yolo/video/12921779_3840_2160_29fps.mp4: 384x640 11 persons, 109.6ms
video 1/1 (frame 1195/2392) /workspaces/yolo/video/12921779_3840_2160_29fps.mp4: 384x640 11 persons, 98.9ms
video 1/1 (frame 1196/2392) /workspaces/yolo/video/12921779_3840_2160_29fps.mp4: 384x640 11 persons, 104.1ms
video 1/1 (frame 1197/2392) /workspaces/yolo/video/12921779_3840_2160_29fps.mp4: 384x640 10 persons, 119.4ms
video 1/1 (frame 1198/2392) /workspaces/yolo/video/12921779_3840_2160_29fps.mp4: 384x640 9 persons, 99.9ms
video 1/1 (frame 1199/2392) /workspaces/yolo/video/12921779_3840_2160_29fps.mp4: 384x640 10 persons, 169.9ms
video 1/1 (frame 1200/2392) /workspaces/yolo/video/12921779_3840_2160_29fps.mp4: 384x640 11 persons, 113.0ms
  已处理 1200/2392 帧，累计总人数: 147
video 1/1 (frame 1201/2392) /workspaces/yolo/video/12921779_3840_2160_29fps.mp4: 384x640 12 persons, 118.1ms
video 1/1 (frame 1202/2392) /workspaces/yolo/video/12921779_3840_2160_29fps.mp4: 384x640 11 persons, 122.3ms
video 1/1 (frame 1203/2392) /workspaces/yolo/video/12921779_3840_2160_29fps.mp4: 384x640 11 persons, 103.9ms
video 1/1 (frame 1204/2392) /workspaces/yolo/video/12921779_3840_2160_29fps.mp4: 384x640 12 persons, 100.0ms
video 1/1 (frame 1205/2392) /workspaces/yolo/video/12921779_3840_2160_29fps.mp4: 384x640 11 persons, 201.9ms
video 1/1 (frame 1206/2392) /workspaces/yolo/video/12921779_3840_2160_29fps.mp4: 384x640 11 persons, 155.5ms
video 1/1 (frame 1207/2392) /workspaces/yolo/video/12921779_3840_2160_29fps.mp4: 384x640 11 persons, 99.1ms
video 1/1 (frame 1208/2392) /workspaces/yolo/video/12921779_3840_2160_29fps.mp4: 384x640 11 persons, 97.8ms
video 1/1 (frame 1209/2392) /workspaces/yolo/video/12921779_3840_2160_29fps.mp4: 384x640 12 persons, 132.5ms
video 1/1 (frame 1210/2392) /workspaces/yolo/video/12921779_3840_2160_29fps.mp4: 384x640 12 persons, 119.6ms
video 1/1 (frame 1211/2392) /workspaces/yolo/video/12921779_3840_2160_29fps.mp4: 384x640 9 persons, 98.5ms
video 1/1 (frame 1212/2392) /workspaces/yolo/video/12921779_3840_2160_29fps.mp4: 384x640 12 persons, 128.1ms
video 1/1 (frame 1213/2392) /workspaces/yolo/video/12921779_3840_2160_29fps.mp4: 384x640 10 persons, 150.3ms
video 1/1 (frame 1214/2392) /workspaces/yolo/video/12921779_3840_2160_29fps.mp4: 384x640 12 persons, 103.1ms
video 1/1 (frame 1215/2392) /workspaces/yolo/video/12921779_3840_2160_29fps.mp4: 384x640 11 persons, 104.5ms
video 1/1 (frame 1216/2392) /workspaces/yolo/video/12921779_3840_2160_29fps.mp4: 384x640 8 persons, 110.4ms
video 1/1 (frame 1217/2392) /workspaces/yolo/video/12921779_3840_2160_29fps.mp4: 384x640 10 persons, 121.3ms
video 1/1 (frame 1218/2392) /workspaces/yolo/video/12921779_3840_2160_29fps.mp4: 384x640 10 persons, 212.4ms
video 1/1 (frame 1219/2392) /workspaces/yolo/video/12921779_3840_2160_29fps.mp4: 384x640 11 persons, 197.9ms
video 1/1 (frame 1220/2392) /workspaces/yolo/video/12921779_3840_2160_29fps.mp4: 384x640 9 persons, 103.7ms
video 1/1 (frame 1221/2392) /workspaces/yolo/video/12921779_3840_2160_29fps.mp4: 384x640 12 persons, 121.6ms
video 1/1 (frame 1222/2392) /workspaces/yolo/video/12921779_3840_2160_29fps.mp4: 384x640 11 persons, 172.2ms
video 1/1 (frame 1223/2392) /workspaces/yolo/video/12921779_3840_2160_29fps.mp4: 384x640 9 persons, 111.9ms
video 1/1 (frame 1224/2392) /workspaces/yolo/video/12921779_3840_2160_29fps.mp4: 384x640 10 persons, 124.7ms
video 1/1 (frame 1225/2392) /workspaces/yolo/video/12921779_3840_2160_29fps.mp4: 384x640 10 persons, 125.7ms
video 1/1 (frame 1226/2392) /workspaces/yolo/video/12921779_3840_2160_29fps.mp4: 384x640 11 persons, 134.0ms
video 1/1 (frame 1227/2392) /workspaces/yolo/video/12921779_3840_2160_29fps.mp4: 384x640 9 persons, 96.9ms
video 1/1 (frame 1228/2392) /workspaces/yolo/video/12921779_3840_2160_29fps.mp4: 384x640 10 persons, 139.2ms
video 1/1 (frame 1229/2392) /workspaces/yolo/video/12921779_3840_2160_29fps.mp4: 384x640 10 persons, 123.2ms
video 1/1 (frame 1230/2392) /workspaces/yolo/video/12921779_3840_2160_29fps.mp4: 384x640 10 persons, 105.2ms
video 1/1 (frame 1231/2392) /workspaces/yolo/video/12921779_3840_2160_29fps.mp4: 384x640 10 persons, 176.5ms
video 1/1 (frame 1232/2392) /workspaces/yolo/video/12921779_3840_2160_29fps.mp4: 384x640 8 persons, 113.3ms
video 1/1 (frame 1233/2392) /workspaces/yolo/video/12921779_3840_2160_29fps.mp4: 384x640 7 persons, 122.5ms
video 1/1 (frame 1234/2392) /workspaces/yolo/video/12921779_3840_2160_29fps.mp4: 384x640 9 persons, 116.3ms
video 1/1 (frame 1235/2392) /workspaces/yolo/video/12921779_3840_2160_29fps.mp4: 384x640 10 persons, 97.7ms
video 1/1 (frame 1236/2392) /workspaces/yolo/video/12921779_3840_2160_29fps.mp4: 384x640 9 persons, 169.7ms
video 1/1 (frame 1237/2392) /workspaces/yolo/video/12921779_3840_2160_29fps.mp4: 384x640 9 persons, 191.2ms
video 1/1 (frame 1238/2392) /workspaces/yolo/video/12921779_3840_2160_29fps.mp4: 384x640 10 persons, 232.0ms
video 1/1 (frame 1239/2392) /workspaces/yolo/video/12921779_3840_2160_29fps.mp4: 384x640 10 persons, 115.1ms
video 1/1 (frame 1240/2392) /workspaces/yolo/video/12921779_3840_2160_29fps.mp4: 384x640 9 persons, 132.0ms
video 1/1 (frame 1241/2392) /workspaces/yolo/video/12921779_3840_2160_29fps.mp4: 384x640 10 persons, 119.4ms
video 1/1 (frame 1242/2392) /workspaces/yolo/video/12921779_3840_2160_29fps.mp4: 384x640 8 persons, 215.0ms
video 1/1 (frame 1243/2392) /workspaces/yolo/video/12921779_3840_2160_29fps.mp4: 384x640 9 persons, 151.0ms
video 1/1 (frame 1244/2392) /workspaces/yolo/video/12921779_3840_2160_29fps.mp4: 384x640 9 persons, 109.0ms
video 1/1 (frame 1245/2392) /workspaces/yolo/video/12921779_3840_2160_29fps.mp4: 384x640 9 persons, 107.6ms
video 1/1 (frame 1246/2392) /workspaces/yolo/video/12921779_3840_2160_29fps.mp4: 384x640 9 persons, 129.0ms
video 1/1 (frame 1247/2392) /workspaces/yolo/video/12921779_3840_2160_29fps.mp4: 384x640 10 persons, 103.6ms
video 1/1 (frame 1248/2392) /workspaces/yolo/video/12921779_3840_2160_29fps.mp4: 384x640 9 persons, 244.2ms
video 1/1 (frame 1249/2392) /workspaces/yolo/video/12921779_3840_2160_29fps.mp4: 384x640 8 persons, 133.1ms
video 1/1 (frame 1250/2392) /workspaces/yolo/video/12921779_3840_2160_29fps.mp4: 384x640 8 persons, 121.8ms
video 1/1 (frame 1251/2392) /workspaces/yolo/video/12921779_3840_2160_29fps.mp4: 384x640 8 persons, 113.5ms
video 1/1 (frame 1252/2392) /workspaces/yolo/video/12921779_3840_2160_29fps.mp4: 384x640 9 persons, 128.2ms
video 1/1 (frame 1253/2392) /workspaces/yolo/video/12921779_3840_2160_29fps.mp4: 384x640 10 persons, 146.3ms
video 1/1 (frame 1254/2392) /workspaces/yolo/video/12921779_3840_2160_29fps.mp4: 384x640 7 persons, 228.6ms
video 1/1 (frame 1255/2392) /workspaces/yolo/video/12921779_3840_2160_29fps.mp4: 384x640 8 persons, 99.2ms
video 1/1 (frame 1256/2392) /workspaces/yolo/video/12921779_3840_2160_29fps.mp4: 384x640 9 persons, 116.0ms
video 1/1 (frame 1257/2392) /workspaces/yolo/video/12921779_3840_2160_29fps.mp4: 384x640 8 persons, 129.4ms
video 1/1 (frame 1258/2392) /workspaces/yolo/video/12921779_3840_2160_29fps.mp4: 384x640 7 persons, 111.9ms
video 1/1 (frame 1259/2392) /workspaces/yolo/video/12921779_3840_2160_29fps.mp4: 384x640 9 persons, 111.7ms
video 1/1 (frame 1260/2392) /workspaces/yolo/video/12921779_3840_2160_29fps.mp4: 384x640 9 persons, 228.2ms
video 1/1 (frame 1261/2392) /workspaces/yolo/video/12921779_3840_2160_29fps.mp4: 384x640 8 persons, 132.7ms
video 1/1 (frame 1262/2392) /workspaces/yolo/video/12921779_3840_2160_29fps.mp4: 384x640 8 persons, 116.7ms
video 1/1 (frame 1263/2392) /workspaces/yolo/video/12921779_3840_2160_29fps.mp4: 384x640 8 persons, 167.4ms
video 1/1 (frame 1264/2392) /workspaces/yolo/video/12921779_3840_2160_29fps.mp4: 384x640 8 persons, 117.4ms
video 1/1 (frame 1265/2392) /workspaces/yolo/video/12921779_3840_2160_29fps.mp4: 384x640 8 persons, 192.5ms
video 1/1 (frame 1266/2392) /workspaces/yolo/video/12921779_3840_2160_29fps.mp4: 384x640 9 persons, 207.9ms
video 1/1 (frame 1267/2392) /workspaces/yolo/video/12921779_3840_2160_29fps.mp4: 384x640 8 persons, 104.1ms
video 1/1 (frame 1268/2392) /workspaces/yolo/video/12921779_3840_2160_29fps.mp4: 384x640 8 persons, 131.9ms
video 1/1 (frame 1269/2392) /workspaces/yolo/video/12921779_3840_2160_29fps.mp4: 384x640 9 persons, 107.6ms
video 1/1 (frame 1270/2392) /workspaces/yolo/video/12921779_3840_2160_29fps.mp4: 384x640 10 persons, 109.5ms
video 1/1 (frame 1271/2392) /workspaces/yolo/video/12921779_3840_2160_29fps.mp4: 384x640 8 persons, 130.9ms
video 1/1 (frame 1272/2392) /workspaces/yolo/video/12921779_3840_2160_29fps.mp4: 384x640 9 persons, 208.8ms
video 1/1 (frame 1273/2392) /workspaces/yolo/video/12921779_3840_2160_29fps.mp4: 384x640 9 persons, 109.7ms
video 1/1 (frame 1274/2392) /workspaces/yolo/video/12921779_3840_2160_29fps.mp4: 384x640 9 persons, 132.1ms
video 1/1 (frame 1275/2392) /workspaces/yolo/video/12921779_3840_2160_29fps.mp4: 384x640 9 persons, 199.9ms
video 1/1 (frame 1276/2392) /workspaces/yolo/video/12921779_3840_2160_29fps.mp4: 384x640 10 persons, 142.8ms
video 1/1 (frame 1277/2392) /workspaces/yolo/video/12921779_3840_2160_29fps.mp4: 384x640 9 persons, 132.7ms
video 1/1 (frame 1278/2392) /workspaces/yolo/video/12921779_3840_2160_29fps.mp4: 384x640 9 persons, 140.9ms
video 1/1 (frame 1279/2392) /workspaces/yolo/video/12921779_3840_2160_29fps.mp4: 384x640 8 persons, 131.8ms
video 1/1 (frame 1280/2392) /workspaces/yolo/video/12921779_3840_2160_29fps.mp4: 384x640 8 persons, 164.9ms
video 1/1 (frame 1281/2392) /workspaces/yolo/video/12921779_3840_2160_29fps.mp4: 384x640 8 persons, 134.8ms
video 1/1 (frame 1282/2392) /workspaces/yolo/video/12921779_3840_2160_29fps.mp4: 384x640 8 persons, 128.1ms
video 1/1 (frame 1283/2392) /workspaces/yolo/video/12921779_3840_2160_29fps.mp4: 384x640 9 persons, 149.5ms
video 1/1 (frame 1284/2392) /workspaces/yolo/video/12921779_3840_2160_29fps.mp4: 384x640 9 persons, 133.1ms
video 1/1 (frame 1285/2392) /workspaces/yolo/video/12921779_3840_2160_29fps.mp4: 384x640 10 persons, 109.3ms
video 1/1 (frame 1286/2392) /workspaces/yolo/video/12921779_3840_2160_29fps.mp4: 384x640 10 persons, 114.3ms
video 1/1 (frame 1287/2392) /workspaces/yolo/video/12921779_3840_2160_29fps.mp4: 384x640 9 persons, 410.2ms
video 1/1 (frame 1288/2392) /workspaces/yolo/video/12921779_3840_2160_29fps.mp4: 384x640 9 persons, 171.2ms
video 1/1 (frame 1289/2392) /workspaces/yolo/video/12921779_3840_2160_29fps.mp4: 384x640 10 persons, 123.2ms
video 1/1 (frame 1290/2392) /workspaces/yolo/video/12921779_3840_2160_29fps.mp4: 384x640 10 persons, 108.7ms
video 1/1 (frame 1291/2392) /workspaces/yolo/video/12921779_3840_2160_29fps.mp4: 384x640 10 persons, 105.0ms
video 1/1 (frame 1292/2392) /workspaces/yolo/video/12921779_3840_2160_29fps.mp4: 384x640 9 persons, 162.6ms
video 1/1 (frame 1293/2392) /workspaces/yolo/video/12921779_3840_2160_29fps.mp4: 384x640 9 persons, 120.1ms
video 1/1 (frame 1294/2392) /workspaces/yolo/video/12921779_3840_2160_29fps.mp4: 384x640 8 persons, 168.7ms
video 1/1 (frame 1295/2392) /workspaces/yolo/video/12921779_3840_2160_29fps.mp4: 384x640 8 persons, 202.2ms
video 1/1 (frame 1296/2392) /workspaces/yolo/video/12921779_3840_2160_29fps.mp4: 384x640 9 persons, 125.5ms
video 1/1 (frame 1297/2392) /workspaces/yolo/video/12921779_3840_2160_29fps.mp4: 384x640 9 persons, 187.1ms
video 1/1 (frame 1298/2392) /workspaces/yolo/video/12921779_3840_2160_29fps.mp4: 384x640 9 persons, 119.4ms
video 1/1 (frame 1299/2392) /workspaces/yolo/video/12921779_3840_2160_29fps.mp4: 384x640 8 persons, 186.0ms
video 1/1 (frame 1300/2392) /workspaces/yolo/video/12921779_3840_2160_29fps.mp4: 384x640 9 persons, 183.0ms
  已处理 1300/2392 帧，累计总人数: 151
video 1/1 (frame 1301/2392) /workspaces/yolo/video/12921779_3840_2160_29fps.mp4: 384x640 9 persons, 108.1ms
video 1/1 (frame 1302/2392) /workspaces/yolo/video/12921779_3840_2160_29fps.mp4: 384x640 9 persons, 104.0ms
video 1/1 (frame 1303/2392) /workspaces/yolo/video/12921779_3840_2160_29fps.mp4: 384x640 9 persons, 103.5ms
video 1/1 (frame 1304/2392) /workspaces/yolo/video/12921779_3840_2160_29fps.mp4: 384x640 8 persons, 121.0ms
video 1/1 (frame 1305/2392) /workspaces/yolo/video/12921779_3840_2160_29fps.mp4: 384x640 9 persons, 197.0ms
video 1/1 (frame 1306/2392) /workspaces/yolo/video/12921779_3840_2160_29fps.mp4: 384x640 8 persons, 149.3ms
video 1/1 (frame 1307/2392) /workspaces/yolo/video/12921779_3840_2160_29fps.mp4: 384x640 8 persons, 115.3ms
video 1/1 (frame 1308/2392) /workspaces/yolo/video/12921779_3840_2160_29fps.mp4: 384x640 9 persons, 126.6ms
video 1/1 (frame 1309/2392) /workspaces/yolo/video/12921779_3840_2160_29fps.mp4: 384x640 8 persons, 116.0ms
video 1/1 (frame 1310/2392) /workspaces/yolo/video/12921779_3840_2160_29fps.mp4: 384x640 7 persons, 118.6ms
video 1/1 (frame 1311/2392) /workspaces/yolo/video/12921779_3840_2160_29fps.mp4: 384x640 8 persons, 205.9ms
video 1/1 (frame 1312/2392) /workspaces/yolo/video/12921779_3840_2160_29fps.mp4: 384x640 8 persons, 250.2ms
video 1/1 (frame 1313/2392) /workspaces/yolo/video/12921779_3840_2160_29fps.mp4: 384x640 7 persons, 111.8ms
video 1/1 (frame 1314/2392) /workspaces/yolo/video/12921779_3840_2160_29fps.mp4: 384x640 7 persons, 103.6ms
video 1/1 (frame 1315/2392) /workspaces/yolo/video/12921779_3840_2160_29fps.mp4: 384x640 8 persons, 115.9ms
video 1/1 (frame 1316/2392) /workspaces/yolo/video/12921779_3840_2160_29fps.mp4: 384x640 8 persons, 137.1ms
video 1/1 (frame 1317/2392) /workspaces/yolo/video/12921779_3840_2160_29fps.mp4: 384x640 7 persons, 171.8ms
video 1/1 (frame 1318/2392) /workspaces/yolo/video/12921779_3840_2160_29fps.mp4: 384x640 9 persons, 128.3ms
video 1/1 (frame 1319/2392) /workspaces/yolo/video/12921779_3840_2160_29fps.mp4: 384x640 8 persons, 97.7ms
video 1/1 (frame 1320/2392) /workspaces/yolo/video/12921779_3840_2160_29fps.mp4: 384x640 6 persons, 230.7ms
video 1/1 (frame 1321/2392) /workspaces/yolo/video/12921779_3840_2160_29fps.mp4: 384x640 7 persons, 137.7ms
video 1/1 (frame 1322/2392) /workspaces/yolo/video/12921779_3840_2160_29fps.mp4: 384x640 8 persons, 130.1ms
video 1/1 (frame 1323/2392) /workspaces/yolo/video/12921779_3840_2160_29fps.mp4: 384x640 8 persons, 140.5ms
video 1/1 (frame 1324/2392) /workspaces/yolo/video/12921779_3840_2160_29fps.mp4: 384x640 7 persons, 122.7ms
video 1/1 (frame 1325/2392) /workspaces/yolo/video/12921779_3840_2160_29fps.mp4: 384x640 7 persons, 111.1ms
video 1/1 (frame 1326/2392) /workspaces/yolo/video/12921779_3840_2160_29fps.mp4: 384x640 7 persons, 109.7ms
video 1/1 (frame 1327/2392) /workspaces/yolo/video/12921779_3840_2160_29fps.mp4: 384x640 7 persons, 111.2ms
video 1/1 (frame 1328/2392) /workspaces/yolo/video/12921779_3840_2160_29fps.mp4: 384x640 7 persons, 238.3ms
video 1/1 (frame 1329/2392) /workspaces/yolo/video/12921779_3840_2160_29fps.mp4: 384x640 8 persons, 129.4ms
video 1/1 (frame 1330/2392) /workspaces/yolo/video/12921779_3840_2160_29fps.mp4: 384x640 7 persons, 103.6ms
video 1/1 (frame 1331/2392) /workspaces/yolo/video/12921779_3840_2160_29fps.mp4: 384x640 8 persons, 121.0ms
video 1/1 (frame 1332/2392) /workspaces/yolo/video/12921779_3840_2160_29fps.mp4: 384x640 7 persons, 118.1ms
video 1/1 (frame 1333/2392) /workspaces/yolo/video/12921779_3840_2160_29fps.mp4: 384x640 8 persons, 121.4ms
video 1/1 (frame 1334/2392) /workspaces/yolo/video/12921779_3840_2160_29fps.mp4: 384x640 8 persons, 238.5ms
video 1/1 (frame 1335/2392) /workspaces/yolo/video/12921779_3840_2160_29fps.mp4: 384x640 8 persons, 111.2ms
video 1/1 (frame 1336/2392) /workspaces/yolo/video/12921779_3840_2160_29fps.mp4: 384x640 8 persons, 193.9ms
video 1/1 (frame 1337/2392) /workspaces/yolo/video/12921779_3840_2160_29fps.mp4: 384x640 8 persons, 192.6ms
video 1/1 (frame 1338/2392) /workspaces/yolo/video/12921779_3840_2160_29fps.mp4: 384x640 7 persons, 131.9ms
video 1/1 (frame 1339/2392) /workspaces/yolo/video/12921779_3840_2160_29fps.mp4: 384x640 7 persons, 191.5ms
video 1/1 (frame 1340/2392) /workspaces/yolo/video/12921779_3840_2160_29fps.mp4: 384x640 9 persons, 129.3ms
video 1/1 (frame 1341/2392) /workspaces/yolo/video/12921779_3840_2160_29fps.mp4: 384x640 8 persons, 103.8ms
video 1/1 (frame 1342/2392) /workspaces/yolo/video/12921779_3840_2160_29fps.mp4: 384x640 7 persons, 100.7ms
video 1/1 (frame 1343/2392) /workspaces/yolo/video/12921779_3840_2160_29fps.mp4: 384x640 7 persons, 129.7ms
video 1/1 (frame 1344/2392) /workspaces/yolo/video/12921779_3840_2160_29fps.mp4: 384x640 7 persons, 117.7ms
video 1/1 (frame 1345/2392) /workspaces/yolo/video/12921779_3840_2160_29fps.mp4: 384x640 8 persons, 240.0ms
video 1/1 (frame 1346/2392) /workspaces/yolo/video/12921779_3840_2160_29fps.mp4: 384x640 8 persons, 104.0ms
video 1/1 (frame 1347/2392) /workspaces/yolo/video/12921779_3840_2160_29fps.mp4: 384x640 8 persons, 109.3ms
video 1/1 (frame 1348/2392) /workspaces/yolo/video/12921779_3840_2160_29fps.mp4: 384x640 7 persons, 126.2ms
video 1/1 (frame 1349/2392) /workspaces/yolo/video/12921779_3840_2160_29fps.mp4: 384x640 7 persons, 102.1ms
video 1/1 (frame 1350/2392) /workspaces/yolo/video/12921779_3840_2160_29fps.mp4: 384x640 7 persons, 150.8ms
video 1/1 (frame 1351/2392) /workspaces/yolo/video/12921779_3840_2160_29fps.mp4: 384x640 8 persons, 147.8ms
video 1/1 (frame 1352/2392) /workspaces/yolo/video/12921779_3840_2160_29fps.mp4: 384x640 8 persons, 111.7ms
video 1/1 (frame 1353/2392) /workspaces/yolo/video/12921779_3840_2160_29fps.mp4: 384x640 8 persons, 114.8ms
video 1/1 (frame 1354/2392) /workspaces/yolo/video/12921779_3840_2160_29fps.mp4: 384x640 7 persons, 111.3ms
video 1/1 (frame 1355/2392) /workspaces/yolo/video/12921779_3840_2160_29fps.mp4: 384x640 8 persons, 100.4ms
video 1/1 (frame 1356/2392) /workspaces/yolo/video/12921779_3840_2160_29fps.mp4: 384x640 8 persons, 140.0ms
video 1/1 (frame 1357/2392) /workspaces/yolo/video/12921779_3840_2160_29fps.mp4: 384x640 6 persons, 187.3ms
video 1/1 (frame 1358/2392) /workspaces/yolo/video/12921779_3840_2160_29fps.mp4: 384x640 8 persons, 177.4ms
video 1/1 (frame 1359/2392) /workspaces/yolo/video/12921779_3840_2160_29fps.mp4: 384x640 7 persons, 98.7ms
video 1/1 (frame 1360/2392) /workspaces/yolo/video/12921779_3840_2160_29fps.mp4: 384x640 7 persons, 120.6ms
video 1/1 (frame 1361/2392) /workspaces/yolo/video/12921779_3840_2160_29fps.mp4: 384x640 6 persons, 118.7ms
video 1/1 (frame 1362/2392) /workspaces/yolo/video/12921779_3840_2160_29fps.mp4: 384x640 7 persons, 141.4ms
video 1/1 (frame 1363/2392) /workspaces/yolo/video/12921779_3840_2160_29fps.mp4: 384x640 7 persons, 136.3ms
video 1/1 (frame 1364/2392) /workspaces/yolo/video/12921779_3840_2160_29fps.mp4: 384x640 7 persons, 110.2ms
video 1/1 (frame 1365/2392) /workspaces/yolo/video/12921779_3840_2160_29fps.mp4: 384x640 7 persons, 111.6ms
video 1/1 (frame 1366/2392) /workspaces/yolo/video/12921779_3840_2160_29fps.mp4: 384x640 7 persons, 105.3ms
video 1/1 (frame 1367/2392) /workspaces/yolo/video/12921779_3840_2160_29fps.mp4: 384x640 6 persons, 114.2ms
video 1/1 (frame 1368/2392) /workspaces/yolo/video/12921779_3840_2160_29fps.mp4: 384x640 6 persons, 119.2ms
video 1/1 (frame 1369/2392) /workspaces/yolo/video/12921779_3840_2160_29fps.mp4: 384x640 7 persons, 172.7ms
video 1/1 (frame 1370/2392) /workspaces/yolo/video/12921779_3840_2160_29fps.mp4: 384x640 6 persons, 260.7ms
video 1/1 (frame 1371/2392) /workspaces/yolo/video/12921779_3840_2160_29fps.mp4: 384x640 8 persons, 152.8ms
video 1/1 (frame 1372/2392) /workspaces/yolo/video/12921779_3840_2160_29fps.mp4: 384x640 6 persons, 102.8ms
video 1/1 (frame 1373/2392) /workspaces/yolo/video/12921779_3840_2160_29fps.mp4: 384x640 6 persons, 110.8ms
video 1/1 (frame 1374/2392) /workspaces/yolo/video/12921779_3840_2160_29fps.mp4: 384x640 6 persons, 127.8ms
video 1/1 (frame 1375/2392) /workspaces/yolo/video/12921779_3840_2160_29fps.mp4: 384x640 8 persons, 162.6ms
video 1/1 (frame 1376/2392) /workspaces/yolo/video/12921779_3840_2160_29fps.mp4: 384x640 7 persons, 380.3ms
video 1/1 (frame 1377/2392) /workspaces/yolo/video/12921779_3840_2160_29fps.mp4: 384x640 7 persons, 121.4ms
video 1/1 (frame 1378/2392) /workspaces/yolo/video/12921779_3840_2160_29fps.mp4: 384x640 7 persons, 122.3ms
video 1/1 (frame 1379/2392) /workspaces/yolo/video/12921779_3840_2160_29fps.mp4: 384x640 7 persons, 184.5ms
video 1/1 (frame 1380/2392) /workspaces/yolo/video/12921779_3840_2160_29fps.mp4: 384x640 7 persons, 181.5ms
video 1/1 (frame 1381/2392) /workspaces/yolo/video/12921779_3840_2160_29fps.mp4: 384x640 7 persons, 127.4ms
video 1/1 (frame 1382/2392) /workspaces/yolo/video/12921779_3840_2160_29fps.mp4: 384x640 7 persons, 114.6ms
video 1/1 (frame 1383/2392) /workspaces/yolo/video/12921779_3840_2160_29fps.mp4: 384x640 7 persons, 111.9ms
video 1/1 (frame 1384/2392) /workspaces/yolo/video/12921779_3840_2160_29fps.mp4: 384x640 7 persons, 220.4ms
video 1/1 (frame 1385/2392) /workspaces/yolo/video/12921779_3840_2160_29fps.mp4: 384x640 8 persons, 106.1ms
video 1/1 (frame 1386/2392) /workspaces/yolo/video/12921779_3840_2160_29fps.mp4: 384x640 7 persons, 109.2ms
video 1/1 (frame 1387/2392) /workspaces/yolo/video/12921779_3840_2160_29fps.mp4: 384x640 7 persons, 144.4ms
video 1/1 (frame 1388/2392) /workspaces/yolo/video/12921779_3840_2160_29fps.mp4: 384x640 7 persons, 190.7ms
video 1/1 (frame 1389/2392) /workspaces/yolo/video/12921779_3840_2160_29fps.mp4: 384x640 8 persons, 189.3ms
video 1/1 (frame 1390/2392) /workspaces/yolo/video/12921779_3840_2160_29fps.mp4: 384x640 8 persons, 123.0ms
video 1/1 (frame 1391/2392) /workspaces/yolo/video/12921779_3840_2160_29fps.mp4: 384x640 9 persons, 132.0ms
video 1/1 (frame 1392/2392) /workspaces/yolo/video/12921779_3840_2160_29fps.mp4: 384x640 7 persons, 208.0ms
video 1/1 (frame 1393/2392) /workspaces/yolo/video/12921779_3840_2160_29fps.mp4: 384x640 8 persons, 107.7ms
video 1/1 (frame 1394/2392) /workspaces/yolo/video/12921779_3840_2160_29fps.mp4: 384x640 8 persons, 151.2ms
video 1/1 (frame 1395/2392) /workspaces/yolo/video/12921779_3840_2160_29fps.mp4: 384x640 9 persons, 170.2ms
video 1/1 (frame 1396/2392) /workspaces/yolo/video/12921779_3840_2160_29fps.mp4: 384x640 9 persons, 119.3ms
video 1/1 (frame 1397/2392) /workspaces/yolo/video/12921779_3840_2160_29fps.mp4: 384x640 8 persons, 114.9ms
video 1/1 (frame 1398/2392) /workspaces/yolo/video/12921779_3840_2160_29fps.mp4: 384x640 9 persons, 130.0ms
video 1/1 (frame 1399/2392) /workspaces/yolo/video/12921779_3840_2160_29fps.mp4: 384x640 7 persons, 106.9ms
video 1/1 (frame 1400/2392) /workspaces/yolo/video/12921779_3840_2160_29fps.mp4: 384x640 8 persons, 273.2ms
  已处理 1400/2392 帧，累计总人数: 158
video 1/1 (frame 1401/2392) /workspaces/yolo/video/12921779_3840_2160_29fps.mp4: 384x640 7 persons, 180.2ms
video 1/1 (frame 1402/2392) /workspaces/yolo/video/12921779_3840_2160_29fps.mp4: 384x640 8 persons, 234.6ms
video 1/1 (frame 1403/2392) /workspaces/yolo/video/12921779_3840_2160_29fps.mp4: 384x640 7 persons, 278.6ms
video 1/1 (frame 1404/2392) /workspaces/yolo/video/12921779_3840_2160_29fps.mp4: 384x640 6 persons, 386.5ms
video 1/1 (frame 1405/2392) /workspaces/yolo/video/12921779_3840_2160_29fps.mp4: 384x640 7 persons, 278.5ms
video 1/1 (frame 1406/2392) /workspaces/yolo/video/12921779_3840_2160_29fps.mp4: 384x640 7 persons, 357.8ms
video 1/1 (frame 1407/2392) /workspaces/yolo/video/12921779_3840_2160_29fps.mp4: 384x640 7 persons, 206.4ms
video 1/1 (frame 1408/2392) /workspaces/yolo/video/12921779_3840_2160_29fps.mp4: 384x640 7 persons, 267.8ms
video 1/1 (frame 1409/2392) /workspaces/yolo/video/12921779_3840_2160_29fps.mp4: 384x640 6 persons, 259.9ms
video 1/1 (frame 1410/2392) /workspaces/yolo/video/12921779_3840_2160_29fps.mp4: 384x640 6 persons, 177.7ms
video 1/1 (frame 1411/2392) /workspaces/yolo/video/12921779_3840_2160_29fps.mp4: 384x640 7 persons, 95.9ms
video 1/1 (frame 1412/2392) /workspaces/yolo/video/12921779_3840_2160_29fps.mp4: 384x640 5 persons, 140.0ms
video 1/1 (frame 1413/2392) /workspaces/yolo/video/12921779_3840_2160_29fps.mp4: 384x640 5 persons, 189.0ms
video 1/1 (frame 1414/2392) /workspaces/yolo/video/12921779_3840_2160_29fps.mp4: 384x640 6 persons, 135.0ms
video 1/1 (frame 1415/2392) /workspaces/yolo/video/12921779_3840_2160_29fps.mp4: 384x640 6 persons, 121.2ms
video 1/1 (frame 1416/2392) /workspaces/yolo/video/12921779_3840_2160_29fps.mp4: 384x640 7 persons, 147.2ms
video 1/1 (frame 1417/2392) /workspaces/yolo/video/12921779_3840_2160_29fps.mp4: 384x640 7 persons, 162.9ms
video 1/1 (frame 1418/2392) /workspaces/yolo/video/12921779_3840_2160_29fps.mp4: 384x640 7 persons, 99.3ms
video 1/1 (frame 1419/2392) /workspaces/yolo/video/12921779_3840_2160_29fps.mp4: 384x640 7 persons, 197.1ms
video 1/1 (frame 1420/2392) /workspaces/yolo/video/12921779_3840_2160_29fps.mp4: 384x640 7 persons, 184.9ms
video 1/1 (frame 1421/2392) /workspaces/yolo/video/12921779_3840_2160_29fps.mp4: 384x640 7 persons, 201.7ms
video 1/1 (frame 1422/2392) /workspaces/yolo/video/12921779_3840_2160_29fps.mp4: 384x640 8 persons, 119.7ms
video 1/1 (frame 1423/2392) /workspaces/yolo/video/12921779_3840_2160_29fps.mp4: 384x640 8 persons, 101.7ms
video 1/1 (frame 1424/2392) /workspaces/yolo/video/12921779_3840_2160_29fps.mp4: 384x640 7 persons, 226.0ms
video 1/1 (frame 1425/2392) /workspaces/yolo/video/12921779_3840_2160_29fps.mp4: 384x640 7 persons, 131.4ms
video 1/1 (frame 1426/2392) /workspaces/yolo/video/12921779_3840_2160_29fps.mp4: 384x640 6 persons, 99.2ms
video 1/1 (frame 1427/2392) /workspaces/yolo/video/12921779_3840_2160_29fps.mp4: 384x640 7 persons, 101.7ms
video 1/1 (frame 1428/2392) /workspaces/yolo/video/12921779_3840_2160_29fps.mp4: 384x640 8 persons, 116.9ms
video 1/1 (frame 1429/2392) /workspaces/yolo/video/12921779_3840_2160_29fps.mp4: 384x640 8 persons, 225.7ms
video 1/1 (frame 1430/2392) /workspaces/yolo/video/12921779_3840_2160_29fps.mp4: 384x640 7 persons, 182.3ms
video 1/1 (frame 1431/2392) /workspaces/yolo/video/12921779_3840_2160_29fps.mp4: 384x640 6 persons, 171.2ms
video 1/1 (frame 1432/2392) /workspaces/yolo/video/12921779_3840_2160_29fps.mp4: 384x640 9 persons, 138.2ms
video 1/1 (frame 1433/2392) /workspaces/yolo/video/12921779_3840_2160_29fps.mp4: 384x640 7 persons, 159.2ms
video 1/1 (frame 1434/2392) /workspaces/yolo/video/12921779_3840_2160_29fps.mp4: 384x640 8 persons, 105.2ms
video 1/1 (frame 1435/2392) /workspaces/yolo/video/12921779_3840_2160_29fps.mp4: 384x640 8 persons, 144.0ms
video 1/1 (frame 1436/2392) /workspaces/yolo/video/12921779_3840_2160_29fps.mp4: 384x640 8 persons, 240.9ms
video 1/1 (frame 1437/2392) /workspaces/yolo/video/12921779_3840_2160_29fps.mp4: 384x640 7 persons, 106.0ms
video 1/1 (frame 1438/2392) /workspaces/yolo/video/12921779_3840_2160_29fps.mp4: 384x640 6 persons, 122.6ms
video 1/1 (frame 1439/2392) /workspaces/yolo/video/12921779_3840_2160_29fps.mp4: 384x640 8 persons, 103.7ms
video 1/1 (frame 1440/2392) /workspaces/yolo/video/12921779_3840_2160_29fps.mp4: 384x640 8 persons, 106.7ms
video 1/1 (frame 1441/2392) /workspaces/yolo/video/12921779_3840_2160_29fps.mp4: 384x640 8 persons, 226.2ms
video 1/1 (frame 1442/2392) /workspaces/yolo/video/12921779_3840_2160_29fps.mp4: 384x640 8 persons, 206.0ms
video 1/1 (frame 1443/2392) /workspaces/yolo/video/12921779_3840_2160_29fps.mp4: 384x640 8 persons, 106.3ms
video 1/1 (frame 1444/2392) /workspaces/yolo/video/12921779_3840_2160_29fps.mp4: 384x640 7 persons, 110.9ms
video 1/1 (frame 1445/2392) /workspaces/yolo/video/12921779_3840_2160_29fps.mp4: 384x640 8 persons, 145.7ms
video 1/1 (frame 1446/2392) /workspaces/yolo/video/12921779_3840_2160_29fps.mp4: 384x640 7 persons, 135.5ms
video 1/1 (frame 1447/2392) /workspaces/yolo/video/12921779_3840_2160_29fps.mp4: 384x640 7 persons, 268.7ms
video 1/1 (frame 1448/2392) /workspaces/yolo/video/12921779_3840_2160_29fps.mp4: 384x640 6 persons, 143.7ms
video 1/1 (frame 1449/2392) /workspaces/yolo/video/12921779_3840_2160_29fps.mp4: 384x640 6 persons, 135.7ms
video 1/1 (frame 1450/2392) /workspaces/yolo/video/12921779_3840_2160_29fps.mp4: 384x640 6 persons, 170.9ms
video 1/1 (frame 1451/2392) /workspaces/yolo/video/12921779_3840_2160_29fps.mp4: 384x640 7 persons, 107.6ms
video 1/1 (frame 1452/2392) /workspaces/yolo/video/12921779_3840_2160_29fps.mp4: 384x640 7 persons, 108.2ms
video 1/1 (frame 1453/2392) /workspaces/yolo/video/12921779_3840_2160_29fps.mp4: 384x640 6 persons, 151.5ms
video 1/1 (frame 1454/2392) /workspaces/yolo/video/12921779_3840_2160_29fps.mp4: 384x640 5 persons, 147.7ms
video 1/1 (frame 1455/2392) /workspaces/yolo/video/12921779_3840_2160_29fps.mp4: 384x640 5 persons, 116.2ms
video 1/1 (frame 1456/2392) /workspaces/yolo/video/12921779_3840_2160_29fps.mp4: 384x640 5 persons, 104.0ms
video 1/1 (frame 1457/2392) /workspaces/yolo/video/12921779_3840_2160_29fps.mp4: 384x640 5 persons, 125.8ms
video 1/1 (frame 1458/2392) /workspaces/yolo/video/12921779_3840_2160_29fps.mp4: 384x640 7 persons, 117.8ms
video 1/1 (frame 1459/2392) /workspaces/yolo/video/12921779_3840_2160_29fps.mp4: 384x640 7 persons, 226.1ms
video 1/1 (frame 1460/2392) /workspaces/yolo/video/12921779_3840_2160_29fps.mp4: 384x640 6 persons, 160.9ms
video 1/1 (frame 1461/2392) /workspaces/yolo/video/12921779_3840_2160_29fps.mp4: 384x640 8 persons, 109.7ms
video 1/1 (frame 1462/2392) /workspaces/yolo/video/12921779_3840_2160_29fps.mp4: 384x640 6 persons, 172.9ms
video 1/1 (frame 1463/2392) /workspaces/yolo/video/12921779_3840_2160_29fps.mp4: 384x640 7 persons, 102.3ms
video 1/1 (frame 1464/2392) /workspaces/yolo/video/12921779_3840_2160_29fps.mp4: 384x640 7 persons, 185.1ms
video 1/1 (frame 1465/2392) /workspaces/yolo/video/12921779_3840_2160_29fps.mp4: 384x640 8 persons, 149.6ms
video 1/1 (frame 1466/2392) /workspaces/yolo/video/12921779_3840_2160_29fps.mp4: 384x640 8 persons, 138.5ms
video 1/1 (frame 1467/2392) /workspaces/yolo/video/12921779_3840_2160_29fps.mp4: 384x640 7 persons, 131.7ms
video 1/1 (frame 1468/2392) /workspaces/yolo/video/12921779_3840_2160_29fps.mp4: 384x640 6 persons, 141.9ms
video 1/1 (frame 1469/2392) /workspaces/yolo/video/12921779_3840_2160_29fps.mp4: 384x640 6 persons, 109.2ms
video 1/1 (frame 1470/2392) /workspaces/yolo/video/12921779_3840_2160_29fps.mp4: 384x640 7 persons, 285.2ms
video 1/1 (frame 1471/2392) /workspaces/yolo/video/12921779_3840_2160_29fps.mp4: 384x640 7 persons, 107.5ms
video 1/1 (frame 1472/2392) /workspaces/yolo/video/12921779_3840_2160_29fps.mp4: 384x640 5 persons, 106.4ms
video 1/1 (frame 1473/2392) /workspaces/yolo/video/12921779_3840_2160_29fps.mp4: 384x640 6 persons, 101.7ms
video 1/1 (frame 1474/2392) /workspaces/yolo/video/12921779_3840_2160_29fps.mp4: 384x640 6 persons, 121.7ms
video 1/1 (frame 1475/2392) /workspaces/yolo/video/12921779_3840_2160_29fps.mp4: 384x640 6 persons, 205.7ms
video 1/1 (frame 1476/2392) /workspaces/yolo/video/12921779_3840_2160_29fps.mp4: 384x640 6 persons, 165.9ms
video 1/1 (frame 1477/2392) /workspaces/yolo/video/12921779_3840_2160_29fps.mp4: 384x640 8 persons, 258.7ms
video 1/1 (frame 1478/2392) /workspaces/yolo/video/12921779_3840_2160_29fps.mp4: 384x640 8 persons, 210.3ms
video 1/1 (frame 1479/2392) /workspaces/yolo/video/12921779_3840_2160_29fps.mp4: 384x640 7 persons, 195.2ms
video 1/1 (frame 1480/2392) /workspaces/yolo/video/12921779_3840_2160_29fps.mp4: 384x640 6 persons, 175.0ms
video 1/1 (frame 1481/2392) /workspaces/yolo/video/12921779_3840_2160_29fps.mp4: 384x640 8 persons, 198.2ms
video 1/1 (frame 1482/2392) /workspaces/yolo/video/12921779_3840_2160_29fps.mp4: 384x640 7 persons, 221.4ms
video 1/1 (frame 1483/2392) /workspaces/yolo/video/12921779_3840_2160_29fps.mp4: 384x640 7 persons, 157.6ms
video 1/1 (frame 1484/2392) /workspaces/yolo/video/12921779_3840_2160_29fps.mp4: 384x640 8 persons, 349.9ms
video 1/1 (frame 1485/2392) /workspaces/yolo/video/12921779_3840_2160_29fps.mp4: 384x640 8 persons, 272.5ms
video 1/1 (frame 1486/2392) /workspaces/yolo/video/12921779_3840_2160_29fps.mp4: 384x640 8 persons, 281.0ms
video 1/1 (frame 1487/2392) /workspaces/yolo/video/12921779_3840_2160_29fps.mp4: 384x640 8 persons, 188.3ms
video 1/1 (frame 1488/2392) /workspaces/yolo/video/12921779_3840_2160_29fps.mp4: 384x640 9 persons, 337.2ms
video 1/1 (frame 1489/2392) /workspaces/yolo/video/12921779_3840_2160_29fps.mp4: 384x640 9 persons, 138.6ms
video 1/1 (frame 1490/2392) /workspaces/yolo/video/12921779_3840_2160_29fps.mp4: 384x640 7 persons, 149.9ms
video 1/1 (frame 1491/2392) /workspaces/yolo/video/12921779_3840_2160_29fps.mp4: 384x640 7 persons, 114.8ms
video 1/1 (frame 1492/2392) /workspaces/yolo/video/12921779_3840_2160_29fps.mp4: 384x640 9 persons, 105.7ms
video 1/1 (frame 1493/2392) /workspaces/yolo/video/12921779_3840_2160_29fps.mp4: 384x640 10 persons, 152.0ms
video 1/1 (frame 1494/2392) /workspaces/yolo/video/12921779_3840_2160_29fps.mp4: 384x640 8 persons, 216.2ms
video 1/1 (frame 1495/2392) /workspaces/yolo/video/12921779_3840_2160_29fps.mp4: 384x640 8 persons, 231.2ms
video 1/1 (frame 1496/2392) /workspaces/yolo/video/12921779_3840_2160_29fps.mp4: 384x640 5 persons, 92.9ms
video 1/1 (frame 1497/2392) /workspaces/yolo/video/12921779_3840_2160_29fps.mp4: 384x640 7 persons, 189.9ms
video 1/1 (frame 1498/2392) /workspaces/yolo/video/12921779_3840_2160_29fps.mp4: 384x640 8 persons, 170.4ms
video 1/1 (frame 1499/2392) /workspaces/yolo/video/12921779_3840_2160_29fps.mp4: 384x640 7 persons, 123.6ms
video 1/1 (frame 1500/2392) /workspaces/yolo/video/12921779_3840_2160_29fps.mp4: 384x640 8 persons, 134.7ms
  已处理 1500/2392 帧，累计总人数: 164
video 1/1 (frame 1501/2392) /workspaces/yolo/video/12921779_3840_2160_29fps.mp4: 384x640 8 persons, 210.0ms
video 1/1 (frame 1502/2392) /workspaces/yolo/video/12921779_3840_2160_29fps.mp4: 384x640 7 persons, 151.8ms
video 1/1 (frame 1503/2392) /workspaces/yolo/video/12921779_3840_2160_29fps.mp4: 384x640 6 persons, 123.2ms
video 1/1 (frame 1504/2392) /workspaces/yolo/video/12921779_3840_2160_29fps.mp4: 384x640 7 persons, 111.9ms
video 1/1 (frame 1505/2392) /workspaces/yolo/video/12921779_3840_2160_29fps.mp4: 384x640 8 persons, 152.0ms
video 1/1 (frame 1506/2392) /workspaces/yolo/video/12921779_3840_2160_29fps.mp4: 384x640 7 persons, 97.4ms
video 1/1 (frame 1507/2392) /workspaces/yolo/video/12921779_3840_2160_29fps.mp4: 384x640 6 persons, 205.3ms
video 1/1 (frame 1508/2392) /workspaces/yolo/video/12921779_3840_2160_29fps.mp4: 384x640 7 persons, 226.5ms
video 1/1 (frame 1509/2392) /workspaces/yolo/video/12921779_3840_2160_29fps.mp4: 384x640 7 persons, 110.5ms
video 1/1 (frame 1510/2392) /workspaces/yolo/video/12921779_3840_2160_29fps.mp4: 384x640 8 persons, 108.7ms
video 1/1 (frame 1511/2392) /workspaces/yolo/video/12921779_3840_2160_29fps.mp4: 384x640 8 persons, 214.3ms
video 1/1 (frame 1512/2392) /workspaces/yolo/video/12921779_3840_2160_29fps.mp4: 384x640 7 persons, 248.3ms
video 1/1 (frame 1513/2392) /workspaces/yolo/video/12921779_3840_2160_29fps.mp4: 384x640 5 persons, 152.1ms
video 1/1 (frame 1514/2392) /workspaces/yolo/video/12921779_3840_2160_29fps.mp4: 384x640 6 persons, 94.3ms
video 1/1 (frame 1515/2392) /workspaces/yolo/video/12921779_3840_2160_29fps.mp4: 384x640 6 persons, 368.9ms
video 1/1 (frame 1516/2392) /workspaces/yolo/video/12921779_3840_2160_29fps.mp4: 384x640 7 persons, 216.6ms
video 1/1 (frame 1517/2392) /workspaces/yolo/video/12921779_3840_2160_29fps.mp4: 384x640 7 persons, 136.7ms
video 1/1 (frame 1518/2392) /workspaces/yolo/video/12921779_3840_2160_29fps.mp4: 384x640 8 persons, 94.5ms
video 1/1 (frame 1519/2392) /workspaces/yolo/video/12921779_3840_2160_29fps.mp4: 384x640 5 persons, 120.3ms
video 1/1 (frame 1520/2392) /workspaces/yolo/video/12921779_3840_2160_29fps.mp4: 384x640 6 persons, 127.9ms
video 1/1 (frame 1521/2392) /workspaces/yolo/video/12921779_3840_2160_29fps.mp4: 384x640 6 persons, 122.1ms
video 1/1 (frame 1522/2392) /workspaces/yolo/video/12921779_3840_2160_29fps.mp4: 384x640 7 persons, 153.5ms
video 1/1 (frame 1523/2392) /workspaces/yolo/video/12921779_3840_2160_29fps.mp4: 384x640 8 persons, 160.8ms
video 1/1 (frame 1524/2392) /workspaces/yolo/video/12921779_3840_2160_29fps.mp4: 384x640 7 persons, 98.3ms
video 1/1 (frame 1525/2392) /workspaces/yolo/video/12921779_3840_2160_29fps.mp4: 384x640 8 persons, 120.9ms
video 1/1 (frame 1526/2392) /workspaces/yolo/video/12921779_3840_2160_29fps.mp4: 384x640 7 persons, 116.5ms
video 1/1 (frame 1527/2392) /workspaces/yolo/video/12921779_3840_2160_29fps.mp4: 384x640 8 persons, 141.8ms
video 1/1 (frame 1528/2392) /workspaces/yolo/video/12921779_3840_2160_29fps.mp4: 384x640 10 persons, 234.3ms
video 1/1 (frame 1529/2392) /workspaces/yolo/video/12921779_3840_2160_29fps.mp4: 384x640 9 persons, 170.5ms
video 1/1 (frame 1530/2392) /workspaces/yolo/video/12921779_3840_2160_29fps.mp4: 384x640 10 persons, 120.2ms
video 1/1 (frame 1531/2392) /workspaces/yolo/video/12921779_3840_2160_29fps.mp4: 384x640 10 persons, 133.1ms
video 1/1 (frame 1532/2392) /workspaces/yolo/video/12921779_3840_2160_29fps.mp4: 384x640 10 persons, 135.8ms
video 1/1 (frame 1533/2392) /workspaces/yolo/video/12921779_3840_2160_29fps.mp4: 384x640 9 persons, 164.2ms
video 1/1 (frame 1534/2392) /workspaces/yolo/video/12921779_3840_2160_29fps.mp4: 384x640 10 persons, 127.0ms
video 1/1 (frame 1535/2392) /workspaces/yolo/video/12921779_3840_2160_29fps.mp4: 384x640 10 persons, 123.5ms
video 1/1 (frame 1536/2392) /workspaces/yolo/video/12921779_3840_2160_29fps.mp4: 384x640 9 persons, 117.3ms
video 1/1 (frame 1537/2392) /workspaces/yolo/video/12921779_3840_2160_29fps.mp4: 384x640 10 persons, 163.6ms
video 1/1 (frame 1538/2392) /workspaces/yolo/video/12921779_3840_2160_29fps.mp4: 384x640 9 persons, 114.7ms
video 1/1 (frame 1539/2392) /workspaces/yolo/video/12921779_3840_2160_29fps.mp4: 384x640 9 persons, 105.1ms
video 1/1 (frame 1540/2392) /workspaces/yolo/video/12921779_3840_2160_29fps.mp4: 384x640 9 persons, 164.4ms
video 1/1 (frame 1541/2392) /workspaces/yolo/video/12921779_3840_2160_29fps.mp4: 384x640 9 persons, 263.5ms
video 1/1 (frame 1542/2392) /workspaces/yolo/video/12921779_3840_2160_29fps.mp4: 384x640 9 persons, 171.1ms
video 1/1 (frame 1543/2392) /workspaces/yolo/video/12921779_3840_2160_29fps.mp4: 384x640 8 persons, 124.5ms
video 1/1 (frame 1544/2392) /workspaces/yolo/video/12921779_3840_2160_29fps.mp4: 384x640 7 persons, 102.1ms
video 1/1 (frame 1545/2392) /workspaces/yolo/video/12921779_3840_2160_29fps.mp4: 384x640 9 persons, 141.0ms
video 1/1 (frame 1546/2392) /workspaces/yolo/video/12921779_3840_2160_29fps.mp4: 384x640 8 persons, 164.4ms
video 1/1 (frame 1547/2392) /workspaces/yolo/video/12921779_3840_2160_29fps.mp4: 384x640 7 persons, 162.8ms
video 1/1 (frame 1548/2392) /workspaces/yolo/video/12921779_3840_2160_29fps.mp4: 384x640 8 persons, 101.1ms
video 1/1 (frame 1549/2392) /workspaces/yolo/video/12921779_3840_2160_29fps.mp4: 384x640 9 persons, 121.8ms
video 1/1 (frame 1550/2392) /workspaces/yolo/video/12921779_3840_2160_29fps.mp4: 384x640 9 persons, 115.6ms
video 1/1 (frame 1551/2392) /workspaces/yolo/video/12921779_3840_2160_29fps.mp4: 384x640 8 persons, 111.4ms
video 1/1 (frame 1552/2392) /workspaces/yolo/video/12921779_3840_2160_29fps.mp4: 384x640 9 persons, 160.3ms
video 1/1 (frame 1553/2392) /workspaces/yolo/video/12921779_3840_2160_29fps.mp4: 384x640 8 persons, 268.4ms
video 1/1 (frame 1554/2392) /workspaces/yolo/video/12921779_3840_2160_29fps.mp4: 384x640 7 persons, 221.0ms
video 1/1 (frame 1555/2392) /workspaces/yolo/video/12921779_3840_2160_29fps.mp4: 384x640 8 persons, 98.7ms
video 1/1 (frame 1556/2392) /workspaces/yolo/video/12921779_3840_2160_29fps.mp4: 384x640 8 persons, 111.5ms
video 1/1 (frame 1557/2392) /workspaces/yolo/video/12921779_3840_2160_29fps.mp4: 384x640 9 persons, 223.0ms
video 1/1 (frame 1558/2392) /workspaces/yolo/video/12921779_3840_2160_29fps.mp4: 384x640 8 persons, 105.2ms
video 1/1 (frame 1559/2392) /workspaces/yolo/video/12921779_3840_2160_29fps.mp4: 384x640 8 persons, 99.3ms
video 1/1 (frame 1560/2392) /workspaces/yolo/video/12921779_3840_2160_29fps.mp4: 384x640 8 persons, 122.3ms
video 1/1 (frame 1561/2392) /workspaces/yolo/video/12921779_3840_2160_29fps.mp4: 384x640 8 persons, 191.4ms
video 1/1 (frame 1562/2392) /workspaces/yolo/video/12921779_3840_2160_29fps.mp4: 384x640 9 persons, 118.6ms
video 1/1 (frame 1563/2392) /workspaces/yolo/video/12921779_3840_2160_29fps.mp4: 384x640 8 persons, 221.1ms
video 1/1 (frame 1564/2392) /workspaces/yolo/video/12921779_3840_2160_29fps.mp4: 384x640 9 persons, 99.5ms
video 1/1 (frame 1565/2392) /workspaces/yolo/video/12921779_3840_2160_29fps.mp4: 384x640 7 persons, 117.7ms
video 1/1 (frame 1566/2392) /workspaces/yolo/video/12921779_3840_2160_29fps.mp4: 384x640 7 persons, 126.5ms
video 1/1 (frame 1567/2392) /workspaces/yolo/video/12921779_3840_2160_29fps.mp4: 384x640 6 persons, 110.2ms
video 1/1 (frame 1568/2392) /workspaces/yolo/video/12921779_3840_2160_29fps.mp4: 384x640 8 persons, 116.7ms
video 1/1 (frame 1569/2392) /workspaces/yolo/video/12921779_3840_2160_29fps.mp4: 384x640 8 persons, 199.0ms
video 1/1 (frame 1570/2392) /workspaces/yolo/video/12921779_3840_2160_29fps.mp4: 384x640 7 persons, 131.5ms
video 1/1 (frame 1571/2392) /workspaces/yolo/video/12921779_3840_2160_29fps.mp4: 384x640 7 persons, 108.2ms
video 1/1 (frame 1572/2392) /workspaces/yolo/video/12921779_3840_2160_29fps.mp4: 384x640 6 persons, 130.7ms
video 1/1 (frame 1573/2392) /workspaces/yolo/video/12921779_3840_2160_29fps.mp4: 384x640 7 persons, 170.9ms
video 1/1 (frame 1574/2392) /workspaces/yolo/video/12921779_3840_2160_29fps.mp4: 384x640 6 persons, 242.9ms
video 1/1 (frame 1575/2392) /workspaces/yolo/video/12921779_3840_2160_29fps.mp4: 384x640 6 persons, 297.0ms
video 1/1 (frame 1576/2392) /workspaces/yolo/video/12921779_3840_2160_29fps.mp4: 384x640 7 persons, 99.0ms
video 1/1 (frame 1577/2392) /workspaces/yolo/video/12921779_3840_2160_29fps.mp4: 384x640 7 persons, 182.7ms
video 1/1 (frame 1578/2392) /workspaces/yolo/video/12921779_3840_2160_29fps.mp4: 384x640 8 persons, 158.2ms
video 1/1 (frame 1579/2392) /workspaces/yolo/video/12921779_3840_2160_29fps.mp4: 384x640 8 persons, 101.2ms
video 1/1 (frame 1580/2392) /workspaces/yolo/video/12921779_3840_2160_29fps.mp4: 384x640 8 persons, 204.8ms
video 1/1 (frame 1581/2392) /workspaces/yolo/video/12921779_3840_2160_29fps.mp4: 384x640 7 persons, 137.4ms
video 1/1 (frame 1582/2392) /workspaces/yolo/video/12921779_3840_2160_29fps.mp4: 384x640 7 persons, 108.0ms
video 1/1 (frame 1583/2392) /workspaces/yolo/video/12921779_3840_2160_29fps.mp4: 384x640 6 persons, 193.3ms
video 1/1 (frame 1584/2392) /workspaces/yolo/video/12921779_3840_2160_29fps.mp4: 384x640 6 persons, 101.0ms
video 1/1 (frame 1585/2392) /workspaces/yolo/video/12921779_3840_2160_29fps.mp4: 384x640 5 persons, 115.0ms
video 1/1 (frame 1586/2392) /workspaces/yolo/video/12921779_3840_2160_29fps.mp4: 384x640 8 persons, 148.9ms
video 1/1 (frame 1587/2392) /workspaces/yolo/video/12921779_3840_2160_29fps.mp4: 384x640 8 persons, 191.9ms
video 1/1 (frame 1588/2392) /workspaces/yolo/video/12921779_3840_2160_29fps.mp4: 384x640 8 persons, 103.1ms
video 1/1 (frame 1589/2392) /workspaces/yolo/video/12921779_3840_2160_29fps.mp4: 384x640 8 persons, 112.1ms
video 1/1 (frame 1590/2392) /workspaces/yolo/video/12921779_3840_2160_29fps.mp4: 384x640 8 persons, 116.3ms
video 1/1 (frame 1591/2392) /workspaces/yolo/video/12921779_3840_2160_29fps.mp4: 384x640 8 persons, 122.3ms
video 1/1 (frame 1592/2392) /workspaces/yolo/video/12921779_3840_2160_29fps.mp4: 384x640 8 persons, 235.4ms
video 1/1 (frame 1593/2392) /workspaces/yolo/video/12921779_3840_2160_29fps.mp4: 384x640 7 persons, 209.8ms
video 1/1 (frame 1594/2392) /workspaces/yolo/video/12921779_3840_2160_29fps.mp4: 384x640 6 persons, 114.6ms
video 1/1 (frame 1595/2392) /workspaces/yolo/video/12921779_3840_2160_29fps.mp4: 384x640 7 persons, 223.4ms
video 1/1 (frame 1596/2392) /workspaces/yolo/video/12921779_3840_2160_29fps.mp4: 384x640 7 persons, 125.3ms
video 1/1 (frame 1597/2392) /workspaces/yolo/video/12921779_3840_2160_29fps.mp4: 384x640 7 persons, 203.8ms
video 1/1 (frame 1598/2392) /workspaces/yolo/video/12921779_3840_2160_29fps.mp4: 384x640 7 persons, 224.8ms
video 1/1 (frame 1599/2392) /workspaces/yolo/video/12921779_3840_2160_29fps.mp4: 384x640 7 persons, 161.5ms
video 1/1 (frame 1600/2392) /workspaces/yolo/video/12921779_3840_2160_29fps.mp4: 384x640 7 persons, 106.8ms
  已处理 1600/2392 帧，累计总人数: 166
video 1/1 (frame 1601/2392) /workspaces/yolo/video/12921779_3840_2160_29fps.mp4: 384x640 7 persons, 107.6ms
video 1/1 (frame 1602/2392) /workspaces/yolo/video/12921779_3840_2160_29fps.mp4: 384x640 6 persons, 120.0ms
video 1/1 (frame 1603/2392) /workspaces/yolo/video/12921779_3840_2160_29fps.mp4: 384x640 7 persons, 194.9ms
video 1/1 (frame 1604/2392) /workspaces/yolo/video/12921779_3840_2160_29fps.mp4: 384x640 7 persons, 123.3ms
video 1/1 (frame 1605/2392) /workspaces/yolo/video/12921779_3840_2160_29fps.mp4: 384x640 7 persons, 98.8ms
video 1/1 (frame 1606/2392) /workspaces/yolo/video/12921779_3840_2160_29fps.mp4: 384x640 7 persons, 105.5ms
video 1/1 (frame 1607/2392) /workspaces/yolo/video/12921779_3840_2160_29fps.mp4: 384x640 6 persons, 120.2ms
video 1/1 (frame 1608/2392) /workspaces/yolo/video/12921779_3840_2160_29fps.mp4: 384x640 7 persons, 114.8ms
video 1/1 (frame 1609/2392) /workspaces/yolo/video/12921779_3840_2160_29fps.mp4: 384x640 5 persons, 161.1ms
video 1/1 (frame 1610/2392) /workspaces/yolo/video/12921779_3840_2160_29fps.mp4: 384x640 6 persons, 153.2ms
video 1/1 (frame 1611/2392) /workspaces/yolo/video/12921779_3840_2160_29fps.mp4: 384x640 6 persons, 298.5ms
video 1/1 (frame 1612/2392) /workspaces/yolo/video/12921779_3840_2160_29fps.mp4: 384x640 6 persons, 108.3ms
video 1/1 (frame 1613/2392) /workspaces/yolo/video/12921779_3840_2160_29fps.mp4: 384x640 7 persons, 114.0ms
video 1/1 (frame 1614/2392) /workspaces/yolo/video/12921779_3840_2160_29fps.mp4: 384x640 6 persons, 172.2ms
video 1/1 (frame 1615/2392) /workspaces/yolo/video/12921779_3840_2160_29fps.mp4: 384x640 6 persons, 161.8ms
video 1/1 (frame 1616/2392) /workspaces/yolo/video/12921779_3840_2160_29fps.mp4: 384x640 6 persons, 134.3ms
video 1/1 (frame 1617/2392) /workspaces/yolo/video/12921779_3840_2160_29fps.mp4: 384x640 6 persons, 123.5ms
video 1/1 (frame 1618/2392) /workspaces/yolo/video/12921779_3840_2160_29fps.mp4: 384x640 6 persons, 128.9ms
video 1/1 (frame 1619/2392) /workspaces/yolo/video/12921779_3840_2160_29fps.mp4: 384x640 7 persons, 198.2ms
video 1/1 (frame 1620/2392) /workspaces/yolo/video/12921779_3840_2160_29fps.mp4: 384x640 5 persons, 163.0ms
video 1/1 (frame 1621/2392) /workspaces/yolo/video/12921779_3840_2160_29fps.mp4: 384x640 6 persons, 110.5ms
video 1/1 (frame 1622/2392) /workspaces/yolo/video/12921779_3840_2160_29fps.mp4: 384x640 6 persons, 97.3ms
video 1/1 (frame 1623/2392) /workspaces/yolo/video/12921779_3840_2160_29fps.mp4: 384x640 6 persons, 225.9ms
video 1/1 (frame 1624/2392) /workspaces/yolo/video/12921779_3840_2160_29fps.mp4: 384x640 6 persons, 105.5ms
video 1/1 (frame 1625/2392) /workspaces/yolo/video/12921779_3840_2160_29fps.mp4: 384x640 5 persons, 109.1ms
video 1/1 (frame 1626/2392) /workspaces/yolo/video/12921779_3840_2160_29fps.mp4: 384x640 4 persons, 194.3ms
video 1/1 (frame 1627/2392) /workspaces/yolo/video/12921779_3840_2160_29fps.mp4: 384x640 5 persons, 142.3ms
video 1/1 (frame 1628/2392) /workspaces/yolo/video/12921779_3840_2160_29fps.mp4: 384x640 5 persons, 109.2ms
video 1/1 (frame 1629/2392) /workspaces/yolo/video/12921779_3840_2160_29fps.mp4: 384x640 5 persons, 99.8ms
video 1/1 (frame 1630/2392) /workspaces/yolo/video/12921779_3840_2160_29fps.mp4: 384x640 5 persons, 94.3ms
video 1/1 (frame 1631/2392) /workspaces/yolo/video/12921779_3840_2160_29fps.mp4: 384x640 4 persons, 121.4ms
video 1/1 (frame 1632/2392) /workspaces/yolo/video/12921779_3840_2160_29fps.mp4: 384x640 4 persons, 145.4ms
video 1/1 (frame 1633/2392) /workspaces/yolo/video/12921779_3840_2160_29fps.mp4: 384x640 5 persons, 183.7ms
video 1/1 (frame 1634/2392) /workspaces/yolo/video/12921779_3840_2160_29fps.mp4: 384x640 5 persons, 102.0ms
video 1/1 (frame 1635/2392) /workspaces/yolo/video/12921779_3840_2160_29fps.mp4: 384x640 5 persons, 125.9ms
video 1/1 (frame 1636/2392) /workspaces/yolo/video/12921779_3840_2160_29fps.mp4: 384x640 5 persons, 166.4ms
video 1/1 (frame 1637/2392) /workspaces/yolo/video/12921779_3840_2160_29fps.mp4: 384x640 5 persons, 102.8ms
video 1/1 (frame 1638/2392) /workspaces/yolo/video/12921779_3840_2160_29fps.mp4: 384x640 5 persons, 136.4ms
video 1/1 (frame 1639/2392) /workspaces/yolo/video/12921779_3840_2160_29fps.mp4: 384x640 5 persons, 206.8ms
video 1/1 (frame 1640/2392) /workspaces/yolo/video/12921779_3840_2160_29fps.mp4: 384x640 5 persons, 113.0ms
video 1/1 (frame 1641/2392) /workspaces/yolo/video/12921779_3840_2160_29fps.mp4: 384x640 5 persons, 115.7ms
video 1/1 (frame 1642/2392) /workspaces/yolo/video/12921779_3840_2160_29fps.mp4: 384x640 5 persons, 113.6ms
video 1/1 (frame 1643/2392) /workspaces/yolo/video/12921779_3840_2160_29fps.mp4: 384x640 5 persons, 169.3ms
video 1/1 (frame 1644/2392) /workspaces/yolo/video/12921779_3840_2160_29fps.mp4: 384x640 5 persons, 177.8ms
video 1/1 (frame 1645/2392) /workspaces/yolo/video/12921779_3840_2160_29fps.mp4: 384x640 5 persons, 120.8ms
video 1/1 (frame 1646/2392) /workspaces/yolo/video/12921779_3840_2160_29fps.mp4: 384x640 5 persons, 114.0ms
video 1/1 (frame 1647/2392) /workspaces/yolo/video/12921779_3840_2160_29fps.mp4: 384x640 5 persons, 110.0ms
video 1/1 (frame 1648/2392) /workspaces/yolo/video/12921779_3840_2160_29fps.mp4: 384x640 5 persons, 112.9ms
video 1/1 (frame 1649/2392) /workspaces/yolo/video/12921779_3840_2160_29fps.mp4: 384x640 5 persons, 178.0ms
video 1/1 (frame 1650/2392) /workspaces/yolo/video/12921779_3840_2160_29fps.mp4: 384x640 5 persons, 129.5ms
video 1/1 (frame 1651/2392) /workspaces/yolo/video/12921779_3840_2160_29fps.mp4: 384x640 5 persons, 101.6ms
video 1/1 (frame 1652/2392) /workspaces/yolo/video/12921779_3840_2160_29fps.mp4: 384x640 4 persons, 98.0ms
video 1/1 (frame 1653/2392) /workspaces/yolo/video/12921779_3840_2160_29fps.mp4: 384x640 6 persons, 117.7ms
video 1/1 (frame 1654/2392) /workspaces/yolo/video/12921779_3840_2160_29fps.mp4: 384x640 5 persons, 149.6ms
video 1/1 (frame 1655/2392) /workspaces/yolo/video/12921779_3840_2160_29fps.mp4: 384x640 6 persons, 138.3ms
video 1/1 (frame 1656/2392) /workspaces/yolo/video/12921779_3840_2160_29fps.mp4: 384x640 6 persons, 148.5ms
video 1/1 (frame 1657/2392) /workspaces/yolo/video/12921779_3840_2160_29fps.mp4: 384x640 4 persons, 125.5ms
video 1/1 (frame 1658/2392) /workspaces/yolo/video/12921779_3840_2160_29fps.mp4: 384x640 5 persons, 142.5ms
video 1/1 (frame 1659/2392) /workspaces/yolo/video/12921779_3840_2160_29fps.mp4: 384x640 5 persons, 184.4ms
video 1/1 (frame 1660/2392) /workspaces/yolo/video/12921779_3840_2160_29fps.mp4: 384x640 6 persons, 131.1ms
video 1/1 (frame 1661/2392) /workspaces/yolo/video/12921779_3840_2160_29fps.mp4: 384x640 5 persons, 301.6ms
video 1/1 (frame 1662/2392) /workspaces/yolo/video/12921779_3840_2160_29fps.mp4: 384x640 6 persons, 195.9ms
video 1/1 (frame 1663/2392) /workspaces/yolo/video/12921779_3840_2160_29fps.mp4: 384x640 4 persons, 105.5ms
video 1/1 (frame 1664/2392) /workspaces/yolo/video/12921779_3840_2160_29fps.mp4: 384x640 4 persons, 104.7ms
video 1/1 (frame 1665/2392) /workspaces/yolo/video/12921779_3840_2160_29fps.mp4: 384x640 4 persons, 121.2ms
video 1/1 (frame 1666/2392) /workspaces/yolo/video/12921779_3840_2160_29fps.mp4: 384x640 5 persons, 105.6ms
video 1/1 (frame 1667/2392) /workspaces/yolo/video/12921779_3840_2160_29fps.mp4: 384x640 5 persons, 193.2ms
video 1/1 (frame 1668/2392) /workspaces/yolo/video/12921779_3840_2160_29fps.mp4: 384x640 5 persons, 165.7ms
video 1/1 (frame 1669/2392) /workspaces/yolo/video/12921779_3840_2160_29fps.mp4: 384x640 5 persons, 125.5ms
video 1/1 (frame 1670/2392) /workspaces/yolo/video/12921779_3840_2160_29fps.mp4: 384x640 4 persons, 102.9ms
video 1/1 (frame 1671/2392) /workspaces/yolo/video/12921779_3840_2160_29fps.mp4: 384x640 5 persons, 96.6ms
video 1/1 (frame 1672/2392) /workspaces/yolo/video/12921779_3840_2160_29fps.mp4: 384x640 6 persons, 111.7ms
video 1/1 (frame 1673/2392) /workspaces/yolo/video/12921779_3840_2160_29fps.mp4: 384x640 6 persons, 151.4ms
video 1/1 (frame 1674/2392) /workspaces/yolo/video/12921779_3840_2160_29fps.mp4: 384x640 5 persons, 338.8ms
video 1/1 (frame 1675/2392) /workspaces/yolo/video/12921779_3840_2160_29fps.mp4: 384x640 3 persons, 131.5ms
video 1/1 (frame 1676/2392) /workspaces/yolo/video/12921779_3840_2160_29fps.mp4: 384x640 2 persons, 107.9ms
video 1/1 (frame 1677/2392) /workspaces/yolo/video/12921779_3840_2160_29fps.mp4: 384x640 3 persons, 156.4ms
video 1/1 (frame 1678/2392) /workspaces/yolo/video/12921779_3840_2160_29fps.mp4: 384x640 3 persons, 155.4ms
video 1/1 (frame 1679/2392) /workspaces/yolo/video/12921779_3840_2160_29fps.mp4: 384x640 5 persons, 202.4ms
video 1/1 (frame 1680/2392) /workspaces/yolo/video/12921779_3840_2160_29fps.mp4: 384x640 4 persons, 97.2ms
video 1/1 (frame 1681/2392) /workspaces/yolo/video/12921779_3840_2160_29fps.mp4: 384x640 4 persons, 146.2ms
video 1/1 (frame 1682/2392) /workspaces/yolo/video/12921779_3840_2160_29fps.mp4: 384x640 5 persons, 146.5ms
video 1/1 (frame 1683/2392) /workspaces/yolo/video/12921779_3840_2160_29fps.mp4: 384x640 5 persons, 108.3ms
video 1/1 (frame 1684/2392) /workspaces/yolo/video/12921779_3840_2160_29fps.mp4: 384x640 5 persons, 134.9ms
video 1/1 (frame 1685/2392) /workspaces/yolo/video/12921779_3840_2160_29fps.mp4: 384x640 5 persons, 218.9ms
video 1/1 (frame 1686/2392) /workspaces/yolo/video/12921779_3840_2160_29fps.mp4: 384x640 6 persons, 148.1ms
video 1/1 (frame 1687/2392) /workspaces/yolo/video/12921779_3840_2160_29fps.mp4: 384x640 5 persons, 104.4ms
video 1/1 (frame 1688/2392) /workspaces/yolo/video/12921779_3840_2160_29fps.mp4: 384x640 6 persons, 102.2ms
video 1/1 (frame 1689/2392) /workspaces/yolo/video/12921779_3840_2160_29fps.mp4: 384x640 5 persons, 121.4ms
video 1/1 (frame 1690/2392) /workspaces/yolo/video/12921779_3840_2160_29fps.mp4: 384x640 4 persons, 114.8ms
video 1/1 (frame 1691/2392) /workspaces/yolo/video/12921779_3840_2160_29fps.mp4: 384x640 8 persons, 139.0ms
video 1/1 (frame 1692/2392) /workspaces/yolo/video/12921779_3840_2160_29fps.mp4: 384x640 6 persons, 93.9ms
video 1/1 (frame 1693/2392) /workspaces/yolo/video/12921779_3840_2160_29fps.mp4: 384x640 7 persons, 133.3ms
video 1/1 (frame 1694/2392) /workspaces/yolo/video/12921779_3840_2160_29fps.mp4: 384x640 3 persons, 117.6ms
video 1/1 (frame 1695/2392) /workspaces/yolo/video/12921779_3840_2160_29fps.mp4: 384x640 6 persons, 123.5ms
video 1/1 (frame 1696/2392) /workspaces/yolo/video/12921779_3840_2160_29fps.mp4: 384x640 7 persons, 119.4ms
video 1/1 (frame 1697/2392) /workspaces/yolo/video/12921779_3840_2160_29fps.mp4: 384x640 6 persons, 171.3ms
video 1/1 (frame 1698/2392) /workspaces/yolo/video/12921779_3840_2160_29fps.mp4: 384x640 4 persons, 119.1ms
video 1/1 (frame 1699/2392) /workspaces/yolo/video/12921779_3840_2160_29fps.mp4: 384x640 5 persons, 153.6ms
video 1/1 (frame 1700/2392) /workspaces/yolo/video/12921779_3840_2160_29fps.mp4: 384x640 5 persons, 117.6ms
  已处理 1700/2392 帧，累计总人数: 168
video 1/1 (frame 1701/2392) /workspaces/yolo/video/12921779_3840_2160_29fps.mp4: 384x640 4 persons, 127.5ms
video 1/1 (frame 1702/2392) /workspaces/yolo/video/12921779_3840_2160_29fps.mp4: 384x640 3 persons, 117.3ms
video 1/1 (frame 1703/2392) /workspaces/yolo/video/12921779_3840_2160_29fps.mp4: 384x640 4 persons, 195.3ms
video 1/1 (frame 1704/2392) /workspaces/yolo/video/12921779_3840_2160_29fps.mp4: 384x640 5 persons, 105.2ms
video 1/1 (frame 1705/2392) /workspaces/yolo/video/12921779_3840_2160_29fps.mp4: 384x640 6 persons, 218.8ms
video 1/1 (frame 1706/2392) /workspaces/yolo/video/12921779_3840_2160_29fps.mp4: 384x640 7 persons, 113.2ms
video 1/1 (frame 1707/2392) /workspaces/yolo/video/12921779_3840_2160_29fps.mp4: 384x640 4 persons, 140.8ms
video 1/1 (frame 1708/2392) /workspaces/yolo/video/12921779_3840_2160_29fps.mp4: 384x640 6 persons, 229.0ms
video 1/1 (frame 1709/2392) /workspaces/yolo/video/12921779_3840_2160_29fps.mp4: 384x640 6 persons, 119.7ms
video 1/1 (frame 1710/2392) /workspaces/yolo/video/12921779_3840_2160_29fps.mp4: 384x640 6 persons, 100.2ms
video 1/1 (frame 1711/2392) /workspaces/yolo/video/12921779_3840_2160_29fps.mp4: 384x640 7 persons, 96.1ms
video 1/1 (frame 1712/2392) /workspaces/yolo/video/12921779_3840_2160_29fps.mp4: 384x640 5 persons, 158.3ms
video 1/1 (frame 1713/2392) /workspaces/yolo/video/12921779_3840_2160_29fps.mp4: 384x640 7 persons, 126.3ms
video 1/1 (frame 1714/2392) /workspaces/yolo/video/12921779_3840_2160_29fps.mp4: 384x640 5 persons, 129.8ms
video 1/1 (frame 1715/2392) /workspaces/yolo/video/12921779_3840_2160_29fps.mp4: 384x640 5 persons, 218.9ms
video 1/1 (frame 1716/2392) /workspaces/yolo/video/12921779_3840_2160_29fps.mp4: 384x640 4 persons, 107.7ms
video 1/1 (frame 1717/2392) /workspaces/yolo/video/12921779_3840_2160_29fps.mp4: 384x640 6 persons, 118.1ms
video 1/1 (frame 1718/2392) /workspaces/yolo/video/12921779_3840_2160_29fps.mp4: 384x640 6 persons, 115.4ms
video 1/1 (frame 1719/2392) /workspaces/yolo/video/12921779_3840_2160_29fps.mp4: 384x640 5 persons, 104.7ms
video 1/1 (frame 1720/2392) /workspaces/yolo/video/12921779_3840_2160_29fps.mp4: 384x640 6 persons, 111.7ms
video 1/1 (frame 1721/2392) /workspaces/yolo/video/12921779_3840_2160_29fps.mp4: 384x640 4 persons, 218.8ms
video 1/1 (frame 1722/2392) /workspaces/yolo/video/12921779_3840_2160_29fps.mp4: 384x640 6 persons, 109.5ms
video 1/1 (frame 1723/2392) /workspaces/yolo/video/12921779_3840_2160_29fps.mp4: 384x640 5 persons, 103.8ms
video 1/1 (frame 1724/2392) /workspaces/yolo/video/12921779_3840_2160_29fps.mp4: 384x640 6 persons, 118.2ms
video 1/1 (frame 1725/2392) /workspaces/yolo/video/12921779_3840_2160_29fps.mp4: 384x640 6 persons, 177.1ms
video 1/1 (frame 1726/2392) /workspaces/yolo/video/12921779_3840_2160_29fps.mp4: 384x640 5 persons, 105.1ms
video 1/1 (frame 1727/2392) /workspaces/yolo/video/12921779_3840_2160_29fps.mp4: 384x640 4 persons, 201.1ms
video 1/1 (frame 1728/2392) /workspaces/yolo/video/12921779_3840_2160_29fps.mp4: 384x640 4 persons, 116.1ms
video 1/1 (frame 1729/2392) /workspaces/yolo/video/12921779_3840_2160_29fps.mp4: 384x640 6 persons, 110.9ms
video 1/1 (frame 1730/2392) /workspaces/yolo/video/12921779_3840_2160_29fps.mp4: 384x640 6 persons, 106.9ms
video 1/1 (frame 1731/2392) /workspaces/yolo/video/12921779_3840_2160_29fps.mp4: 384x640 5 persons, 115.5ms
video 1/1 (frame 1732/2392) /workspaces/yolo/video/12921779_3840_2160_29fps.mp4: 384x640 5 persons, 153.4ms
video 1/1 (frame 1733/2392) /workspaces/yolo/video/12921779_3840_2160_29fps.mp4: 384x640 4 persons, 154.5ms
video 1/1 (frame 1734/2392) /workspaces/yolo/video/12921779_3840_2160_29fps.mp4: 384x640 5 persons, 114.0ms
video 1/1 (frame 1735/2392) /workspaces/yolo/video/12921779_3840_2160_29fps.mp4: 384x640 4 persons, 108.4ms
video 1/1 (frame 1736/2392) /workspaces/yolo/video/12921779_3840_2160_29fps.mp4: 384x640 4 persons, 144.3ms
video 1/1 (frame 1737/2392) /workspaces/yolo/video/12921779_3840_2160_29fps.mp4: 384x640 5 persons, 161.5ms
video 1/1 (frame 1738/2392) /workspaces/yolo/video/12921779_3840_2160_29fps.mp4: 384x640 4 persons, 219.9ms
video 1/1 (frame 1739/2392) /workspaces/yolo/video/12921779_3840_2160_29fps.mp4: 384x640 5 persons, 302.1ms
video 1/1 (frame 1740/2392) /workspaces/yolo/video/12921779_3840_2160_29fps.mp4: 384x640 6 persons, 276.3ms
video 1/1 (frame 1741/2392) /workspaces/yolo/video/12921779_3840_2160_29fps.mp4: 384x640 6 persons, 118.7ms
video 1/1 (frame 1742/2392) /workspaces/yolo/video/12921779_3840_2160_29fps.mp4: 384x640 6 persons, 281.1ms
video 1/1 (frame 1743/2392) /workspaces/yolo/video/12921779_3840_2160_29fps.mp4: 384x640 5 persons, 101.4ms
video 1/1 (frame 1744/2392) /workspaces/yolo/video/12921779_3840_2160_29fps.mp4: 384x640 5 persons, 166.2ms
video 1/1 (frame 1745/2392) /workspaces/yolo/video/12921779_3840_2160_29fps.mp4: 384x640 5 persons, 114.1ms
video 1/1 (frame 1746/2392) /workspaces/yolo/video/12921779_3840_2160_29fps.mp4: 384x640 5 persons, 210.8ms
video 1/1 (frame 1747/2392) /workspaces/yolo/video/12921779_3840_2160_29fps.mp4: 384x640 6 persons, 152.7ms
video 1/1 (frame 1748/2392) /workspaces/yolo/video/12921779_3840_2160_29fps.mp4: 384x640 6 persons, 311.3ms
video 1/1 (frame 1749/2392) /workspaces/yolo/video/12921779_3840_2160_29fps.mp4: 384x640 5 persons, 108.1ms
video 1/1 (frame 1750/2392) /workspaces/yolo/video/12921779_3840_2160_29fps.mp4: 384x640 4 persons, 117.7ms
video 1/1 (frame 1751/2392) /workspaces/yolo/video/12921779_3840_2160_29fps.mp4: 384x640 4 persons, 187.7ms
video 1/1 (frame 1752/2392) /workspaces/yolo/video/12921779_3840_2160_29fps.mp4: 384x640 6 persons, 186.1ms
video 1/1 (frame 1753/2392) /workspaces/yolo/video/12921779_3840_2160_29fps.mp4: 384x640 4 persons, 215.1ms
video 1/1 (frame 1754/2392) /workspaces/yolo/video/12921779_3840_2160_29fps.mp4: 384x640 4 persons, 111.9ms
video 1/1 (frame 1755/2392) /workspaces/yolo/video/12921779_3840_2160_29fps.mp4: 384x640 5 persons, 101.3ms
video 1/1 (frame 1756/2392) /workspaces/yolo/video/12921779_3840_2160_29fps.mp4: 384x640 5 persons, 108.8ms
video 1/1 (frame 1757/2392) /workspaces/yolo/video/12921779_3840_2160_29fps.mp4: 384x640 6 persons, 606.2ms
video 1/1 (frame 1758/2392) /workspaces/yolo/video/12921779_3840_2160_29fps.mp4: 384x640 6 persons, 149.0ms
video 1/1 (frame 1759/2392) /workspaces/yolo/video/12921779_3840_2160_29fps.mp4: 384x640 6 persons, 113.1ms
video 1/1 (frame 1760/2392) /workspaces/yolo/video/12921779_3840_2160_29fps.mp4: 384x640 6 persons, 109.7ms
video 1/1 (frame 1761/2392) /workspaces/yolo/video/12921779_3840_2160_29fps.mp4: 384x640 6 persons, 122.6ms
video 1/1 (frame 1762/2392) /workspaces/yolo/video/12921779_3840_2160_29fps.mp4: 384x640 5 persons, 106.7ms
video 1/1 (frame 1763/2392) /workspaces/yolo/video/12921779_3840_2160_29fps.mp4: 384x640 5 persons, 115.0ms
video 1/1 (frame 1764/2392) /workspaces/yolo/video/12921779_3840_2160_29fps.mp4: 384x640 6 persons, 154.5ms
video 1/1 (frame 1765/2392) /workspaces/yolo/video/12921779_3840_2160_29fps.mp4: 384x640 6 persons, 184.6ms
video 1/1 (frame 1766/2392) /workspaces/yolo/video/12921779_3840_2160_29fps.mp4: 384x640 6 persons, 152.6ms
video 1/1 (frame 1767/2392) /workspaces/yolo/video/12921779_3840_2160_29fps.mp4: 384x640 4 persons, 104.4ms
video 1/1 (frame 1768/2392) /workspaces/yolo/video/12921779_3840_2160_29fps.mp4: 384x640 5 persons, 108.1ms
video 1/1 (frame 1769/2392) /workspaces/yolo/video/12921779_3840_2160_29fps.mp4: 384x640 6 persons, 325.5ms
video 1/1 (frame 1770/2392) /workspaces/yolo/video/12921779_3840_2160_29fps.mp4: 384x640 5 persons, 153.8ms
video 1/1 (frame 1771/2392) /workspaces/yolo/video/12921779_3840_2160_29fps.mp4: 384x640 5 persons, 100.5ms
video 1/1 (frame 1772/2392) /workspaces/yolo/video/12921779_3840_2160_29fps.mp4: 384x640 6 persons, 118.3ms
video 1/1 (frame 1773/2392) /workspaces/yolo/video/12921779_3840_2160_29fps.mp4: 384x640 4 persons, 116.9ms
video 1/1 (frame 1774/2392) /workspaces/yolo/video/12921779_3840_2160_29fps.mp4: 384x640 4 persons, 114.6ms
video 1/1 (frame 1775/2392) /workspaces/yolo/video/12921779_3840_2160_29fps.mp4: 384x640 4 persons, 137.5ms
video 1/1 (frame 1776/2392) /workspaces/yolo/video/12921779_3840_2160_29fps.mp4: 384x640 4 persons, 152.5ms
video 1/1 (frame 1777/2392) /workspaces/yolo/video/12921779_3840_2160_29fps.mp4: 384x640 4 persons, 124.3ms
video 1/1 (frame 1778/2392) /workspaces/yolo/video/12921779_3840_2160_29fps.mp4: 384x640 4 persons, 112.7ms
video 1/1 (frame 1779/2392) /workspaces/yolo/video/12921779_3840_2160_29fps.mp4: 384x640 4 persons, 110.1ms
video 1/1 (frame 1780/2392) /workspaces/yolo/video/12921779_3840_2160_29fps.mp4: 384x640 4 persons, 104.4ms
video 1/1 (frame 1781/2392) /workspaces/yolo/video/12921779_3840_2160_29fps.mp4: 384x640 3 persons, 183.8ms
video 1/1 (frame 1782/2392) /workspaces/yolo/video/12921779_3840_2160_29fps.mp4: 384x640 3 persons, 272.8ms
video 1/1 (frame 1783/2392) /workspaces/yolo/video/12921779_3840_2160_29fps.mp4: 384x640 3 persons, 107.9ms
video 1/1 (frame 1784/2392) /workspaces/yolo/video/12921779_3840_2160_29fps.mp4: 384x640 3 persons, 119.2ms
video 1/1 (frame 1785/2392) /workspaces/yolo/video/12921779_3840_2160_29fps.mp4: 384x640 3 persons, 118.2ms
video 1/1 (frame 1786/2392) /workspaces/yolo/video/12921779_3840_2160_29fps.mp4: 384x640 2 persons, 179.2ms
video 1/1 (frame 1787/2392) /workspaces/yolo/video/12921779_3840_2160_29fps.mp4: 384x640 3 persons, 206.1ms
video 1/1 (frame 1788/2392) /workspaces/yolo/video/12921779_3840_2160_29fps.mp4: 384x640 3 persons, 150.6ms
video 1/1 (frame 1789/2392) /workspaces/yolo/video/12921779_3840_2160_29fps.mp4: 384x640 3 persons, 196.4ms
video 1/1 (frame 1790/2392) /workspaces/yolo/video/12921779_3840_2160_29fps.mp4: 384x640 3 persons, 158.2ms
video 1/1 (frame 1791/2392) /workspaces/yolo/video/12921779_3840_2160_29fps.mp4: 384x640 3 persons, 97.3ms
video 1/1 (frame 1792/2392) /workspaces/yolo/video/12921779_3840_2160_29fps.mp4: 384x640 3 persons, 119.5ms
video 1/1 (frame 1793/2392) /workspaces/yolo/video/12921779_3840_2160_29fps.mp4: 384x640 4 persons, 232.9ms
video 1/1 (frame 1794/2392) /workspaces/yolo/video/12921779_3840_2160_29fps.mp4: 384x640 4 persons, 120.9ms
video 1/1 (frame 1795/2392) /workspaces/yolo/video/12921779_3840_2160_29fps.mp4: 384x640 3 persons, 103.4ms
video 1/1 (frame 1796/2392) /workspaces/yolo/video/12921779_3840_2160_29fps.mp4: 384x640 3 persons, 115.3ms
video 1/1 (frame 1797/2392) /workspaces/yolo/video/12921779_3840_2160_29fps.mp4: 384x640 4 persons, 159.6ms
video 1/1 (frame 1798/2392) /workspaces/yolo/video/12921779_3840_2160_29fps.mp4: 384x640 4 persons, 179.4ms
video 1/1 (frame 1799/2392) /workspaces/yolo/video/12921779_3840_2160_29fps.mp4: 384x640 3 persons, 196.5ms
video 1/1 (frame 1800/2392) /workspaces/yolo/video/12921779_3840_2160_29fps.mp4: 384x640 3 persons, 102.9ms
  已处理 1800/2392 帧，累计总人数: 171
video 1/1 (frame 1801/2392) /workspaces/yolo/video/12921779_3840_2160_29fps.mp4: 384x640 3 persons, 208.4ms
video 1/1 (frame 1802/2392) /workspaces/yolo/video/12921779_3840_2160_29fps.mp4: 384x640 3 persons, 181.1ms
video 1/1 (frame 1803/2392) /workspaces/yolo/video/12921779_3840_2160_29fps.mp4: 384x640 3 persons, 109.9ms
video 1/1 (frame 1804/2392) /workspaces/yolo/video/12921779_3840_2160_29fps.mp4: 384x640 3 persons, 219.8ms
video 1/1 (frame 1805/2392) /workspaces/yolo/video/12921779_3840_2160_29fps.mp4: 384x640 4 persons, 179.8ms
video 1/1 (frame 1806/2392) /workspaces/yolo/video/12921779_3840_2160_29fps.mp4: 384x640 3 persons, 154.0ms
video 1/1 (frame 1807/2392) /workspaces/yolo/video/12921779_3840_2160_29fps.mp4: 384x640 3 persons, 117.2ms
video 1/1 (frame 1808/2392) /workspaces/yolo/video/12921779_3840_2160_29fps.mp4: 384x640 4 persons, 147.1ms
video 1/1 (frame 1809/2392) /workspaces/yolo/video/12921779_3840_2160_29fps.mp4: 384x640 3 persons, 283.9ms
video 1/1 (frame 1810/2392) /workspaces/yolo/video/12921779_3840_2160_29fps.mp4: 384x640 4 persons, 226.7ms
video 1/1 (frame 1811/2392) /workspaces/yolo/video/12921779_3840_2160_29fps.mp4: 384x640 4 persons, 148.3ms
video 1/1 (frame 1812/2392) /workspaces/yolo/video/12921779_3840_2160_29fps.mp4: 384x640 4 persons, 99.8ms
video 1/1 (frame 1813/2392) /workspaces/yolo/video/12921779_3840_2160_29fps.mp4: 384x640 4 persons, 122.0ms
video 1/1 (frame 1814/2392) /workspaces/yolo/video/12921779_3840_2160_29fps.mp4: 384x640 4 persons, 101.2ms
video 1/1 (frame 1815/2392) /workspaces/yolo/video/12921779_3840_2160_29fps.mp4: 384x640 4 persons, 156.7ms
video 1/1 (frame 1816/2392) /workspaces/yolo/video/12921779_3840_2160_29fps.mp4: 384x640 4 persons, 186.2ms
video 1/1 (frame 1817/2392) /workspaces/yolo/video/12921779_3840_2160_29fps.mp4: 384x640 4 persons, 117.3ms
video 1/1 (frame 1818/2392) /workspaces/yolo/video/12921779_3840_2160_29fps.mp4: 384x640 4 persons, 100.1ms
video 1/1 (frame 1819/2392) /workspaces/yolo/video/12921779_3840_2160_29fps.mp4: 384x640 4 persons, 106.1ms
video 1/1 (frame 1820/2392) /workspaces/yolo/video/12921779_3840_2160_29fps.mp4: 384x640 3 persons, 122.3ms
video 1/1 (frame 1821/2392) /workspaces/yolo/video/12921779_3840_2160_29fps.mp4: 384x640 2 persons, 198.7ms
video 1/1 (frame 1822/2392) /workspaces/yolo/video/12921779_3840_2160_29fps.mp4: 384x640 3 persons, 123.7ms
video 1/1 (frame 1823/2392) /workspaces/yolo/video/12921779_3840_2160_29fps.mp4: 384x640 2 persons, 103.1ms
video 1/1 (frame 1824/2392) /workspaces/yolo/video/12921779_3840_2160_29fps.mp4: 384x640 1 person, 173.4ms
video 1/1 (frame 1825/2392) /workspaces/yolo/video/12921779_3840_2160_29fps.mp4: 384x640 1 person, 126.2ms
video 1/1 (frame 1826/2392) /workspaces/yolo/video/12921779_3840_2160_29fps.mp4: 384x640 2 persons, 112.8ms
video 1/1 (frame 1827/2392) /workspaces/yolo/video/12921779_3840_2160_29fps.mp4: 384x640 2 persons, 169.2ms
video 1/1 (frame 1828/2392) /workspaces/yolo/video/12921779_3840_2160_29fps.mp4: 384x640 (no detections), 206.6ms
video 1/1 (frame 1829/2392) /workspaces/yolo/video/12921779_3840_2160_29fps.mp4: 384x640 (no detections), 167.1ms
video 1/1 (frame 1830/2392) /workspaces/yolo/video/12921779_3840_2160_29fps.mp4: 384x640 2 persons, 101.7ms
video 1/1 (frame 1831/2392) /workspaces/yolo/video/12921779_3840_2160_29fps.mp4: 384x640 2 persons, 116.6ms
video 1/1 (frame 1832/2392) /workspaces/yolo/video/12921779_3840_2160_29fps.mp4: 384x640 2 persons, 122.3ms
video 1/1 (frame 1833/2392) /workspaces/yolo/video/12921779_3840_2160_29fps.mp4: 384x640 1 person, 200.0ms
video 1/1 (frame 1834/2392) /workspaces/yolo/video/12921779_3840_2160_29fps.mp4: 384x640 1 person, 135.8ms
video 1/1 (frame 1835/2392) /workspaces/yolo/video/12921779_3840_2160_29fps.mp4: 384x640 2 persons, 98.2ms
video 1/1 (frame 1836/2392) /workspaces/yolo/video/12921779_3840_2160_29fps.mp4: 384x640 2 persons, 119.0ms
video 1/1 (frame 1837/2392) /workspaces/yolo/video/12921779_3840_2160_29fps.mp4: 384x640 2 persons, 115.1ms
video 1/1 (frame 1838/2392) /workspaces/yolo/video/12921779_3840_2160_29fps.mp4: 384x640 2 persons, 99.1ms
video 1/1 (frame 1839/2392) /workspaces/yolo/video/12921779_3840_2160_29fps.mp4: 384x640 3 persons, 113.9ms
video 1/1 (frame 1840/2392) /workspaces/yolo/video/12921779_3840_2160_29fps.mp4: 384x640 2 persons, 141.1ms
video 1/1 (frame 1841/2392) /workspaces/yolo/video/12921779_3840_2160_29fps.mp4: 384x640 2 persons, 124.1ms
video 1/1 (frame 1842/2392) /workspaces/yolo/video/12921779_3840_2160_29fps.mp4: 384x640 3 persons, 166.0ms
video 1/1 (frame 1843/2392) /workspaces/yolo/video/12921779_3840_2160_29fps.mp4: 384x640 2 persons, 119.9ms
video 1/1 (frame 1844/2392) /workspaces/yolo/video/12921779_3840_2160_29fps.mp4: 384x640 2 persons, 118.4ms
video 1/1 (frame 1845/2392) /workspaces/yolo/video/12921779_3840_2160_29fps.mp4: 384x640 2 persons, 195.6ms
video 1/1 (frame 1846/2392) /workspaces/yolo/video/12921779_3840_2160_29fps.mp4: 384x640 2 persons, 116.4ms
video 1/1 (frame 1847/2392) /workspaces/yolo/video/12921779_3840_2160_29fps.mp4: 384x640 3 persons, 107.9ms
video 1/1 (frame 1848/2392) /workspaces/yolo/video/12921779_3840_2160_29fps.mp4: 384x640 2 persons, 123.5ms
video 1/1 (frame 1849/2392) /workspaces/yolo/video/12921779_3840_2160_29fps.mp4: 384x640 2 persons, 120.9ms
video 1/1 (frame 1850/2392) /workspaces/yolo/video/12921779_3840_2160_29fps.mp4: 384x640 2 persons, 119.4ms
video 1/1 (frame 1851/2392) /workspaces/yolo/video/12921779_3840_2160_29fps.mp4: 384x640 2 persons, 252.4ms
video 1/1 (frame 1852/2392) /workspaces/yolo/video/12921779_3840_2160_29fps.mp4: 384x640 3 persons, 203.3ms
video 1/1 (frame 1853/2392) /workspaces/yolo/video/12921779_3840_2160_29fps.mp4: 384x640 3 persons, 101.7ms
video 1/1 (frame 1854/2392) /workspaces/yolo/video/12921779_3840_2160_29fps.mp4: 384x640 3 persons, 184.6ms
video 1/1 (frame 1855/2392) /workspaces/yolo/video/12921779_3840_2160_29fps.mp4: 384x640 2 persons, 106.1ms
video 1/1 (frame 1856/2392) /workspaces/yolo/video/12921779_3840_2160_29fps.mp4: 384x640 2 persons, 147.3ms
video 1/1 (frame 1857/2392) /workspaces/yolo/video/12921779_3840_2160_29fps.mp4: 384x640 2 persons, 153.7ms
video 1/1 (frame 1858/2392) /workspaces/yolo/video/12921779_3840_2160_29fps.mp4: 384x640 2 persons, 113.9ms
video 1/1 (frame 1859/2392) /workspaces/yolo/video/12921779_3840_2160_29fps.mp4: 384x640 3 persons, 95.0ms
video 1/1 (frame 1860/2392) /workspaces/yolo/video/12921779_3840_2160_29fps.mp4: 384x640 2 persons, 121.6ms
video 1/1 (frame 1861/2392) /workspaces/yolo/video/12921779_3840_2160_29fps.mp4: 384x640 2 persons, 100.8ms
video 1/1 (frame 1862/2392) /workspaces/yolo/video/12921779_3840_2160_29fps.mp4: 384x640 2 persons, 140.2ms
video 1/1 (frame 1863/2392) /workspaces/yolo/video/12921779_3840_2160_29fps.mp4: 384x640 2 persons, 116.0ms
video 1/1 (frame 1864/2392) /workspaces/yolo/video/12921779_3840_2160_29fps.mp4: 384x640 2 persons, 205.6ms
video 1/1 (frame 1865/2392) /workspaces/yolo/video/12921779_3840_2160_29fps.mp4: 384x640 (no detections), 124.2ms
video 1/1 (frame 1866/2392) /workspaces/yolo/video/12921779_3840_2160_29fps.mp4: 384x640 1 person, 141.4ms
video 1/1 (frame 1867/2392) /workspaces/yolo/video/12921779_3840_2160_29fps.mp4: 384x640 1 person, 111.1ms
video 1/1 (frame 1868/2392) /workspaces/yolo/video/12921779_3840_2160_29fps.mp4: 384x640 2 persons, 294.4ms
video 1/1 (frame 1869/2392) /workspaces/yolo/video/12921779_3840_2160_29fps.mp4: 384x640 3 persons, 425.3ms
video 1/1 (frame 1870/2392) /workspaces/yolo/video/12921779_3840_2160_29fps.mp4: 384x640 3 persons, 109.9ms
video 1/1 (frame 1871/2392) /workspaces/yolo/video/12921779_3840_2160_29fps.mp4: 384x640 3 persons, 116.4ms
video 1/1 (frame 1872/2392) /workspaces/yolo/video/12921779_3840_2160_29fps.mp4: 384x640 2 persons, 149.6ms
video 1/1 (frame 1873/2392) /workspaces/yolo/video/12921779_3840_2160_29fps.mp4: 384x640 1 person, 131.2ms
video 1/1 (frame 1874/2392) /workspaces/yolo/video/12921779_3840_2160_29fps.mp4: 384x640 1 person, 151.8ms
video 1/1 (frame 1875/2392) /workspaces/yolo/video/12921779_3840_2160_29fps.mp4: 384x640 1 person, 152.9ms
video 1/1 (frame 1876/2392) /workspaces/yolo/video/12921779_3840_2160_29fps.mp4: 384x640 2 persons, 120.6ms
video 1/1 (frame 1877/2392) /workspaces/yolo/video/12921779_3840_2160_29fps.mp4: 384x640 3 persons, 104.1ms
video 1/1 (frame 1878/2392) /workspaces/yolo/video/12921779_3840_2160_29fps.mp4: 384x640 3 persons, 97.2ms
video 1/1 (frame 1879/2392) /workspaces/yolo/video/12921779_3840_2160_29fps.mp4: 384x640 2 persons, 93.0ms
video 1/1 (frame 1880/2392) /workspaces/yolo/video/12921779_3840_2160_29fps.mp4: 384x640 2 persons, 133.2ms
video 1/1 (frame 1881/2392) /workspaces/yolo/video/12921779_3840_2160_29fps.mp4: 384x640 2 persons, 165.3ms
video 1/1 (frame 1882/2392) /workspaces/yolo/video/12921779_3840_2160_29fps.mp4: 384x640 1 person, 119.6ms
video 1/1 (frame 1883/2392) /workspaces/yolo/video/12921779_3840_2160_29fps.mp4: 384x640 2 persons, 95.4ms
video 1/1 (frame 1884/2392) /workspaces/yolo/video/12921779_3840_2160_29fps.mp4: 384x640 2 persons, 201.5ms
video 1/1 (frame 1885/2392) /workspaces/yolo/video/12921779_3840_2160_29fps.mp4: 384x640 2 persons, 237.3ms
video 1/1 (frame 1886/2392) /workspaces/yolo/video/12921779_3840_2160_29fps.mp4: 384x640 2 persons, 128.6ms
video 1/1 (frame 1887/2392) /workspaces/yolo/video/12921779_3840_2160_29fps.mp4: 384x640 2 persons, 119.8ms
video 1/1 (frame 1888/2392) /workspaces/yolo/video/12921779_3840_2160_29fps.mp4: 384x640 2 persons, 116.3ms
video 1/1 (frame 1889/2392) /workspaces/yolo/video/12921779_3840_2160_29fps.mp4: 384x640 2 persons, 118.2ms
video 1/1 (frame 1890/2392) /workspaces/yolo/video/12921779_3840_2160_29fps.mp4: 384x640 2 persons, 108.1ms
video 1/1 (frame 1891/2392) /workspaces/yolo/video/12921779_3840_2160_29fps.mp4: 384x640 2 persons, 197.8ms
video 1/1 (frame 1892/2392) /workspaces/yolo/video/12921779_3840_2160_29fps.mp4: 384x640 2 persons, 207.1ms
video 1/1 (frame 1893/2392) /workspaces/yolo/video/12921779_3840_2160_29fps.mp4: 384x640 1 person, 105.6ms
video 1/1 (frame 1894/2392) /workspaces/yolo/video/12921779_3840_2160_29fps.mp4: 384x640 1 person, 124.6ms
video 1/1 (frame 1895/2392) /workspaces/yolo/video/12921779_3840_2160_29fps.mp4: 384x640 1 person, 102.0ms
video 1/1 (frame 1896/2392) /workspaces/yolo/video/12921779_3840_2160_29fps.mp4: 384x640 2 persons, 133.4ms
video 1/1 (frame 1897/2392) /workspaces/yolo/video/12921779_3840_2160_29fps.mp4: 384x640 2 persons, 117.9ms
video 1/1 (frame 1898/2392) /workspaces/yolo/video/12921779_3840_2160_29fps.mp4: 384x640 (no detections), 112.1ms
video 1/1 (frame 1899/2392) /workspaces/yolo/video/12921779_3840_2160_29fps.mp4: 384x640 (no detections), 93.2ms
video 1/1 (frame 1900/2392) /workspaces/yolo/video/12921779_3840_2160_29fps.mp4: 384x640 1 person, 118.9ms
  已处理 1900/2392 帧，累计总人数: 172
video 1/1 (frame 1901/2392) /workspaces/yolo/video/12921779_3840_2160_29fps.mp4: 384x640 (no detections), 130.4ms
video 1/1 (frame 1902/2392) /workspaces/yolo/video/12921779_3840_2160_29fps.mp4: 384x640 (no detections), 135.2ms
video 1/1 (frame 1903/2392) /workspaces/yolo/video/12921779_3840_2160_29fps.mp4: 384x640 (no detections), 113.7ms
video 1/1 (frame 1904/2392) /workspaces/yolo/video/12921779_3840_2160_29fps.mp4: 384x640 (no detections), 329.9ms
video 1/1 (frame 1905/2392) /workspaces/yolo/video/12921779_3840_2160_29fps.mp4: 384x640 (no detections), 166.3ms
video 1/1 (frame 1906/2392) /workspaces/yolo/video/12921779_3840_2160_29fps.mp4: 384x640 (no detections), 97.8ms
video 1/1 (frame 1907/2392) /workspaces/yolo/video/12921779_3840_2160_29fps.mp4: 384x640 (no detections), 108.1ms
video 1/1 (frame 1908/2392) /workspaces/yolo/video/12921779_3840_2160_29fps.mp4: 384x640 1 person, 146.9ms
video 1/1 (frame 1909/2392) /workspaces/yolo/video/12921779_3840_2160_29fps.mp4: 384x640 1 person, 109.6ms
video 1/1 (frame 1910/2392) /workspaces/yolo/video/12921779_3840_2160_29fps.mp4: 384x640 (no detections), 262.1ms
video 1/1 (frame 1911/2392) /workspaces/yolo/video/12921779_3840_2160_29fps.mp4: 384x640 (no detections), 159.5ms
video 1/1 (frame 1912/2392) /workspaces/yolo/video/12921779_3840_2160_29fps.mp4: 384x640 (no detections), 116.9ms
video 1/1 (frame 1913/2392) /workspaces/yolo/video/12921779_3840_2160_29fps.mp4: 384x640 (no detections), 110.6ms
video 1/1 (frame 1914/2392) /workspaces/yolo/video/12921779_3840_2160_29fps.mp4: 384x640 (no detections), 145.3ms
video 1/1 (frame 1915/2392) /workspaces/yolo/video/12921779_3840_2160_29fps.mp4: 384x640 1 person, 109.6ms
video 1/1 (frame 1916/2392) /workspaces/yolo/video/12921779_3840_2160_29fps.mp4: 384x640 (no detections), 160.3ms
video 1/1 (frame 1917/2392) /workspaces/yolo/video/12921779_3840_2160_29fps.mp4: 384x640 (no detections), 168.4ms
video 1/1 (frame 1918/2392) /workspaces/yolo/video/12921779_3840_2160_29fps.mp4: 384x640 (no detections), 107.0ms
video 1/1 (frame 1919/2392) /workspaces/yolo/video/12921779_3840_2160_29fps.mp4: 384x640 (no detections), 101.7ms
video 1/1 (frame 1920/2392) /workspaces/yolo/video/12921779_3840_2160_29fps.mp4: 384x640 (no detections), 120.1ms
video 1/1 (frame 1921/2392) /workspaces/yolo/video/12921779_3840_2160_29fps.mp4: 384x640 (no detections), 121.2ms
video 1/1 (frame 1922/2392) /workspaces/yolo/video/12921779_3840_2160_29fps.mp4: 384x640 (no detections), 175.1ms
video 1/1 (frame 1923/2392) /workspaces/yolo/video/12921779_3840_2160_29fps.mp4: 384x640 (no detections), 190.0ms
video 1/1 (frame 1924/2392) /workspaces/yolo/video/12921779_3840_2160_29fps.mp4: 384x640 (no detections), 101.7ms
video 1/1 (frame 1925/2392) /workspaces/yolo/video/12921779_3840_2160_29fps.mp4: 384x640 (no detections), 107.0ms
video 1/1 (frame 1926/2392) /workspaces/yolo/video/12921779_3840_2160_29fps.mp4: 384x640 (no detections), 107.4ms
video 1/1 (frame 1927/2392) /workspaces/yolo/video/12921779_3840_2160_29fps.mp4: 384x640 (no detections), 161.5ms
video 1/1 (frame 1928/2392) /workspaces/yolo/video/12921779_3840_2160_29fps.mp4: 384x640 (no detections), 124.9ms
video 1/1 (frame 1929/2392) /workspaces/yolo/video/12921779_3840_2160_29fps.mp4: 384x640 (no detections), 153.3ms
video 1/1 (frame 1930/2392) /workspaces/yolo/video/12921779_3840_2160_29fps.mp4: 384x640 (no detections), 137.6ms
video 1/1 (frame 1931/2392) /workspaces/yolo/video/12921779_3840_2160_29fps.mp4: 384x640 (no detections), 131.5ms
video 1/1 (frame 1932/2392) /workspaces/yolo/video/12921779_3840_2160_29fps.mp4: 384x640 (no detections), 112.7ms
video 1/1 (frame 1933/2392) /workspaces/yolo/video/12921779_3840_2160_29fps.mp4: 384x640 (no detections), 142.2ms
video 1/1 (frame 1934/2392) /workspaces/yolo/video/12921779_3840_2160_29fps.mp4: 384x640 (no detections), 135.3ms
video 1/1 (frame 1935/2392) /workspaces/yolo/video/12921779_3840_2160_29fps.mp4: 384x640 (no detections), 190.9ms
video 1/1 (frame 1936/2392) /workspaces/yolo/video/12921779_3840_2160_29fps.mp4: 384x640 (no detections), 112.7ms
video 1/1 (frame 1937/2392) /workspaces/yolo/video/12921779_3840_2160_29fps.mp4: 384x640 (no detections), 97.6ms
video 1/1 (frame 1938/2392) /workspaces/yolo/video/12921779_3840_2160_29fps.mp4: 384x640 (no detections), 95.1ms
video 1/1 (frame 1939/2392) /workspaces/yolo/video/12921779_3840_2160_29fps.mp4: 384x640 (no detections), 123.3ms
video 1/1 (frame 1940/2392) /workspaces/yolo/video/12921779_3840_2160_29fps.mp4: 384x640 (no detections), 152.8ms
video 1/1 (frame 1941/2392) /workspaces/yolo/video/12921779_3840_2160_29fps.mp4: 384x640 (no detections), 157.1ms
video 1/1 (frame 1942/2392) /workspaces/yolo/video/12921779_3840_2160_29fps.mp4: 384x640 (no detections), 188.0ms
video 1/1 (frame 1943/2392) /workspaces/yolo/video/12921779_3840_2160_29fps.mp4: 384x640 (no detections), 133.8ms
video 1/1 (frame 1944/2392) /workspaces/yolo/video/12921779_3840_2160_29fps.mp4: 384x640 (no detections), 132.2ms
video 1/1 (frame 1945/2392) /workspaces/yolo/video/12921779_3840_2160_29fps.mp4: 384x640 (no detections), 101.2ms
video 1/1 (frame 1946/2392) /workspaces/yolo/video/12921779_3840_2160_29fps.mp4: 384x640 (no detections), 102.2ms
video 1/1 (frame 1947/2392) /workspaces/yolo/video/12921779_3840_2160_29fps.mp4: 384x640 (no detections), 247.5ms
video 1/1 (frame 1948/2392) /workspaces/yolo/video/12921779_3840_2160_29fps.mp4: 384x640 (no detections), 226.4ms
video 1/1 (frame 1949/2392) /workspaces/yolo/video/12921779_3840_2160_29fps.mp4: 384x640 (no detections), 133.0ms
video 1/1 (frame 1950/2392) /workspaces/yolo/video/12921779_3840_2160_29fps.mp4: 384x640 (no detections), 115.1ms
video 1/1 (frame 1951/2392) /workspaces/yolo/video/12921779_3840_2160_29fps.mp4: 384x640 (no detections), 139.1ms
video 1/1 (frame 1952/2392) /workspaces/yolo/video/12921779_3840_2160_29fps.mp4: 384x640 (no detections), 191.1ms
video 1/1 (frame 1953/2392) /workspaces/yolo/video/12921779_3840_2160_29fps.mp4: 384x640 (no detections), 193.7ms
video 1/1 (frame 1954/2392) /workspaces/yolo/video/12921779_3840_2160_29fps.mp4: 384x640 (no detections), 99.5ms
video 1/1 (frame 1955/2392) /workspaces/yolo/video/12921779_3840_2160_29fps.mp4: 384x640 (no detections), 223.6ms
video 1/1 (frame 1956/2392) /workspaces/yolo/video/12921779_3840_2160_29fps.mp4: 384x640 (no detections), 139.1ms
video 1/1 (frame 1957/2392) /workspaces/yolo/video/12921779_3840_2160_29fps.mp4: 384x640 (no detections), 99.7ms
video 1/1 (frame 1958/2392) /workspaces/yolo/video/12921779_3840_2160_29fps.mp4: 384x640 (no detections), 100.5ms
video 1/1 (frame 1959/2392) /workspaces/yolo/video/12921779_3840_2160_29fps.mp4: 384x640 (no detections), 138.6ms
video 1/1 (frame 1960/2392) /workspaces/yolo/video/12921779_3840_2160_29fps.mp4: 384x640 (no detections), 129.4ms
video 1/1 (frame 1961/2392) /workspaces/yolo/video/12921779_3840_2160_29fps.mp4: 384x640 (no detections), 118.5ms
video 1/1 (frame 1962/2392) /workspaces/yolo/video/12921779_3840_2160_29fps.mp4: 384x640 (no detections), 160.3ms
video 1/1 (frame 1963/2392) /workspaces/yolo/video/12921779_3840_2160_29fps.mp4: 384x640 (no detections), 187.4ms
video 1/1 (frame 1964/2392) /workspaces/yolo/video/12921779_3840_2160_29fps.mp4: 384x640 (no detections), 173.2ms
video 1/1 (frame 1965/2392) /workspaces/yolo/video/12921779_3840_2160_29fps.mp4: 384x640 (no detections), 106.9ms
video 1/1 (frame 1966/2392) /workspaces/yolo/video/12921779_3840_2160_29fps.mp4: 384x640 (no detections), 121.3ms
video 1/1 (frame 1967/2392) /workspaces/yolo/video/12921779_3840_2160_29fps.mp4: 384x640 (no detections), 157.1ms
video 1/1 (frame 1968/2392) /workspaces/yolo/video/12921779_3840_2160_29fps.mp4: 384x640 (no detections), 118.3ms
video 1/1 (frame 1969/2392) /workspaces/yolo/video/12921779_3840_2160_29fps.mp4: 384x640 (no detections), 163.8ms
video 1/1 (frame 1970/2392) /workspaces/yolo/video/12921779_3840_2160_29fps.mp4: 384x640 (no detections), 129.3ms
video 1/1 (frame 1971/2392) /workspaces/yolo/video/12921779_3840_2160_29fps.mp4: 384x640 (no detections), 119.2ms
video 1/1 (frame 1972/2392) /workspaces/yolo/video/12921779_3840_2160_29fps.mp4: 384x640 (no detections), 165.0ms
video 1/1 (frame 1973/2392) /workspaces/yolo/video/12921779_3840_2160_29fps.mp4: 384x640 (no detections), 120.0ms
video 1/1 (frame 1974/2392) /workspaces/yolo/video/12921779_3840_2160_29fps.mp4: 384x640 (no detections), 104.3ms
video 1/1 (frame 1975/2392) /workspaces/yolo/video/12921779_3840_2160_29fps.mp4: 384x640 (no detections), 249.4ms
video 1/1 (frame 1976/2392) /workspaces/yolo/video/12921779_3840_2160_29fps.mp4: 384x640 (no detections), 131.6ms
video 1/1 (frame 1977/2392) /workspaces/yolo/video/12921779_3840_2160_29fps.mp4: 384x640 (no detections), 101.4ms
video 1/1 (frame 1978/2392) /workspaces/yolo/video/12921779_3840_2160_29fps.mp4: 384x640 (no detections), 108.1ms
video 1/1 (frame 1979/2392) /workspaces/yolo/video/12921779_3840_2160_29fps.mp4: 384x640 (no detections), 123.4ms
video 1/1 (frame 1980/2392) /workspaces/yolo/video/12921779_3840_2160_29fps.mp4: 384x640 (no detections), 122.0ms
video 1/1 (frame 1981/2392) /workspaces/yolo/video/12921779_3840_2160_29fps.mp4: 384x640 (no detections), 208.4ms
video 1/1 (frame 1982/2392) /workspaces/yolo/video/12921779_3840_2160_29fps.mp4: 384x640 (no detections), 145.8ms
video 1/1 (frame 1983/2392) /workspaces/yolo/video/12921779_3840_2160_29fps.mp4: 384x640 (no detections), 148.6ms
video 1/1 (frame 1984/2392) /workspaces/yolo/video/12921779_3840_2160_29fps.mp4: 384x640 (no detections), 116.2ms
video 1/1 (frame 1985/2392) /workspaces/yolo/video/12921779_3840_2160_29fps.mp4: 384x640 (no detections), 101.5ms
video 1/1 (frame 1986/2392) /workspaces/yolo/video/12921779_3840_2160_29fps.mp4: 384x640 (no detections), 112.7ms
video 1/1 (frame 1987/2392) /workspaces/yolo/video/12921779_3840_2160_29fps.mp4: 384x640 (no detections), 337.8ms
video 1/1 (frame 1988/2392) /workspaces/yolo/video/12921779_3840_2160_29fps.mp4: 384x640 (no detections), 132.8ms
video 1/1 (frame 1989/2392) /workspaces/yolo/video/12921779_3840_2160_29fps.mp4: 384x640 (no detections), 135.8ms
video 1/1 (frame 1990/2392) /workspaces/yolo/video/12921779_3840_2160_29fps.mp4: 384x640 (no detections), 115.6ms
video 1/1 (frame 1991/2392) /workspaces/yolo/video/12921779_3840_2160_29fps.mp4: 384x640 (no detections), 118.5ms
video 1/1 (frame 1992/2392) /workspaces/yolo/video/12921779_3840_2160_29fps.mp4: 384x640 (no detections), 291.4ms
video 1/1 (frame 1993/2392) /workspaces/yolo/video/12921779_3840_2160_29fps.mp4: 384x640 (no detections), 170.1ms
video 1/1 (frame 1994/2392) /workspaces/yolo/video/12921779_3840_2160_29fps.mp4: 384x640 (no detections), 96.9ms
video 1/1 (frame 1995/2392) /workspaces/yolo/video/12921779_3840_2160_29fps.mp4: 384x640 (no detections), 107.0ms
video 1/1 (frame 1996/2392) /workspaces/yolo/video/12921779_3840_2160_29fps.mp4: 384x640 (no detections), 98.9ms
video 1/1 (frame 1997/2392) /workspaces/yolo/video/12921779_3840_2160_29fps.mp4: 384x640 (no detections), 99.0ms
video 1/1 (frame 1998/2392) /workspaces/yolo/video/12921779_3840_2160_29fps.mp4: 384x640 (no detections), 130.4ms
video 1/1 (frame 1999/2392) /workspaces/yolo/video/12921779_3840_2160_29fps.mp4: 384x640 (no detections), 188.2ms
video 1/1 (frame 2000/2392) /workspaces/yolo/video/12921779_3840_2160_29fps.mp4: 384x640 (no detections), 105.0ms
  已处理 2000/2392 帧，累计总人数: 172
video 1/1 (frame 2001/2392) /workspaces/yolo/video/12921779_3840_2160_29fps.mp4: 384x640 (no detections), 106.5ms
video 1/1 (frame 2002/2392) /workspaces/yolo/video/12921779_3840_2160_29fps.mp4: 384x640 (no detections), 114.6ms
video 1/1 (frame 2003/2392) /workspaces/yolo/video/12921779_3840_2160_29fps.mp4: 384x640 (no detections), 134.9ms
video 1/1 (frame 2004/2392) /workspaces/yolo/video/12921779_3840_2160_29fps.mp4: 384x640 (no detections), 109.4ms
video 1/1 (frame 2005/2392) /workspaces/yolo/video/12921779_3840_2160_29fps.mp4: 384x640 (no detections), 160.1ms
video 1/1 (frame 2006/2392) /workspaces/yolo/video/12921779_3840_2160_29fps.mp4: 384x640 (no detections), 274.0ms
video 1/1 (frame 2007/2392) /workspaces/yolo/video/12921779_3840_2160_29fps.mp4: 384x640 (no detections), 125.4ms
video 1/1 (frame 2008/2392) /workspaces/yolo/video/12921779_3840_2160_29fps.mp4: 384x640 (no detections), 110.3ms
video 1/1 (frame 2009/2392) /workspaces/yolo/video/12921779_3840_2160_29fps.mp4: 384x640 (no detections), 109.5ms
video 1/1 (frame 2010/2392) /workspaces/yolo/video/12921779_3840_2160_29fps.mp4: 384x640 (no detections), 122.0ms
video 1/1 (frame 2011/2392) /workspaces/yolo/video/12921779_3840_2160_29fps.mp4: 384x640 (no detections), 217.5ms
video 1/1 (frame 2012/2392) /workspaces/yolo/video/12921779_3840_2160_29fps.mp4: 384x640 (no detections), 154.6ms
video 1/1 (frame 2013/2392) /workspaces/yolo/video/12921779_3840_2160_29fps.mp4: 384x640 (no detections), 102.5ms
video 1/1 (frame 2014/2392) /workspaces/yolo/video/12921779_3840_2160_29fps.mp4: 384x640 (no detections), 122.1ms
video 1/1 (frame 2015/2392) /workspaces/yolo/video/12921779_3840_2160_29fps.mp4: 384x640 (no detections), 114.3ms
video 1/1 (frame 2016/2392) /workspaces/yolo/video/12921779_3840_2160_29fps.mp4: 384x640 (no detections), 100.1ms
video 1/1 (frame 2017/2392) /workspaces/yolo/video/12921779_3840_2160_29fps.mp4: 384x640 (no detections), 106.2ms
video 1/1 (frame 2018/2392) /workspaces/yolo/video/12921779_3840_2160_29fps.mp4: 384x640 (no detections), 145.5ms
video 1/1 (frame 2019/2392) /workspaces/yolo/video/12921779_3840_2160_29fps.mp4: 384x640 (no detections), 178.2ms
video 1/1 (frame 2020/2392) /workspaces/yolo/video/12921779_3840_2160_29fps.mp4: 384x640 (no detections), 139.4ms
video 1/1 (frame 2021/2392) /workspaces/yolo/video/12921779_3840_2160_29fps.mp4: 384x640 (no detections), 120.2ms
video 1/1 (frame 2022/2392) /workspaces/yolo/video/12921779_3840_2160_29fps.mp4: 384x640 (no detections), 163.5ms
video 1/1 (frame 2023/2392) /workspaces/yolo/video/12921779_3840_2160_29fps.mp4: 384x640 (no detections), 117.3ms
video 1/1 (frame 2024/2392) /workspaces/yolo/video/12921779_3840_2160_29fps.mp4: 384x640 (no detections), 222.7ms
video 1/1 (frame 2025/2392) /workspaces/yolo/video/12921779_3840_2160_29fps.mp4: 384x640 (no detections), 100.8ms
video 1/1 (frame 2026/2392) /workspaces/yolo/video/12921779_3840_2160_29fps.mp4: 384x640 (no detections), 118.4ms
video 1/1 (frame 2027/2392) /workspaces/yolo/video/12921779_3840_2160_29fps.mp4: 384x640 (no detections), 113.1ms
video 1/1 (frame 2028/2392) /workspaces/yolo/video/12921779_3840_2160_29fps.mp4: 384x640 (no detections), 107.1ms
video 1/1 (frame 2029/2392) /workspaces/yolo/video/12921779_3840_2160_29fps.mp4: 384x640 (no detections), 134.9ms
video 1/1 (frame 2030/2392) /workspaces/yolo/video/12921779_3840_2160_29fps.mp4: 384x640 (no detections), 185.4ms
video 1/1 (frame 2031/2392) /workspaces/yolo/video/12921779_3840_2160_29fps.mp4: 384x640 (no detections), 135.3ms
video 1/1 (frame 2032/2392) /workspaces/yolo/video/12921779_3840_2160_29fps.mp4: 384x640 (no detections), 105.3ms
video 1/1 (frame 2033/2392) /workspaces/yolo/video/12921779_3840_2160_29fps.mp4: 384x640 (no detections), 111.0ms
video 1/1 (frame 2034/2392) /workspaces/yolo/video/12921779_3840_2160_29fps.mp4: 384x640 (no detections), 276.4ms
video 1/1 (frame 2035/2392) /workspaces/yolo/video/12921779_3840_2160_29fps.mp4: 384x640 (no detections), 127.2ms
video 1/1 (frame 2036/2392) /workspaces/yolo/video/12921779_3840_2160_29fps.mp4: 384x640 (no detections), 200.8ms
video 1/1 (frame 2037/2392) /workspaces/yolo/video/12921779_3840_2160_29fps.mp4: 384x640 (no detections), 110.8ms
video 1/1 (frame 2038/2392) /workspaces/yolo/video/12921779_3840_2160_29fps.mp4: 384x640 (no detections), 128.7ms
video 1/1 (frame 2039/2392) /workspaces/yolo/video/12921779_3840_2160_29fps.mp4: 384x640 (no detections), 528.0ms
video 1/1 (frame 2040/2392) /workspaces/yolo/video/12921779_3840_2160_29fps.mp4: 384x640 (no detections), 191.2ms
video 1/1 (frame 2041/2392) /workspaces/yolo/video/12921779_3840_2160_29fps.mp4: 384x640 (no detections), 191.0ms
video 1/1 (frame 2042/2392) /workspaces/yolo/video/12921779_3840_2160_29fps.mp4: 384x640 (no detections), 120.2ms
video 1/1 (frame 2043/2392) /workspaces/yolo/video/12921779_3840_2160_29fps.mp4: 384x640 (no detections), 111.5ms
video 1/1 (frame 2044/2392) /workspaces/yolo/video/12921779_3840_2160_29fps.mp4: 384x640 (no detections), 103.8ms
video 1/1 (frame 2045/2392) /workspaces/yolo/video/12921779_3840_2160_29fps.mp4: 384x640 (no detections), 140.5ms
video 1/1 (frame 2046/2392) /workspaces/yolo/video/12921779_3840_2160_29fps.mp4: 384x640 (no detections), 263.2ms
video 1/1 (frame 2047/2392) /workspaces/yolo/video/12921779_3840_2160_29fps.mp4: 384x640 (no detections), 165.0ms
video 1/1 (frame 2048/2392) /workspaces/yolo/video/12921779_3840_2160_29fps.mp4: 384x640 (no detections), 115.7ms
video 1/1 (frame 2049/2392) /workspaces/yolo/video/12921779_3840_2160_29fps.mp4: 384x640 (no detections), 109.3ms
video 1/1 (frame 2050/2392) /workspaces/yolo/video/12921779_3840_2160_29fps.mp4: 384x640 (no detections), 147.6ms
video 1/1 (frame 2051/2392) /workspaces/yolo/video/12921779_3840_2160_29fps.mp4: 384x640 (no detections), 234.4ms
video 1/1 (frame 2052/2392) /workspaces/yolo/video/12921779_3840_2160_29fps.mp4: 384x640 (no detections), 160.0ms
video 1/1 (frame 2053/2392) /workspaces/yolo/video/12921779_3840_2160_29fps.mp4: 384x640 (no detections), 95.5ms
video 1/1 (frame 2054/2392) /workspaces/yolo/video/12921779_3840_2160_29fps.mp4: 384x640 (no detections), 239.0ms
video 1/1 (frame 2055/2392) /workspaces/yolo/video/12921779_3840_2160_29fps.mp4: 384x640 (no detections), 110.1ms
video 1/1 (frame 2056/2392) /workspaces/yolo/video/12921779_3840_2160_29fps.mp4: 384x640 (no detections), 112.4ms
video 1/1 (frame 2057/2392) /workspaces/yolo/video/12921779_3840_2160_29fps.mp4: 384x640 (no detections), 156.9ms
video 1/1 (frame 2058/2392) /workspaces/yolo/video/12921779_3840_2160_29fps.mp4: 384x640 (no detections), 191.1ms
video 1/1 (frame 2059/2392) /workspaces/yolo/video/12921779_3840_2160_29fps.mp4: 384x640 (no detections), 109.4ms
video 1/1 (frame 2060/2392) /workspaces/yolo/video/12921779_3840_2160_29fps.mp4: 384x640 (no detections), 103.4ms
video 1/1 (frame 2061/2392) /workspaces/yolo/video/12921779_3840_2160_29fps.mp4: 384x640 (no detections), 104.7ms
video 1/1 (frame 2062/2392) /workspaces/yolo/video/12921779_3840_2160_29fps.mp4: 384x640 (no detections), 145.3ms
video 1/1 (frame 2063/2392) /workspaces/yolo/video/12921779_3840_2160_29fps.mp4: 384x640 (no detections), 226.4ms
video 1/1 (frame 2064/2392) /workspaces/yolo/video/12921779_3840_2160_29fps.mp4: 384x640 (no detections), 104.2ms
video 1/1 (frame 2065/2392) /workspaces/yolo/video/12921779_3840_2160_29fps.mp4: 384x640 (no detections), 124.1ms
video 1/1 (frame 2066/2392) /workspaces/yolo/video/12921779_3840_2160_29fps.mp4: 384x640 (no detections), 126.5ms
video 1/1 (frame 2067/2392) /workspaces/yolo/video/12921779_3840_2160_29fps.mp4: 384x640 (no detections), 117.6ms
video 1/1 (frame 2068/2392) /workspaces/yolo/video/12921779_3840_2160_29fps.mp4: 384x640 (no detections), 260.5ms
video 1/1 (frame 2069/2392) /workspaces/yolo/video/12921779_3840_2160_29fps.mp4: 384x640 (no detections), 121.3ms
video 1/1 (frame 2070/2392) /workspaces/yolo/video/12921779_3840_2160_29fps.mp4: 384x640 (no detections), 247.0ms
video 1/1 (frame 2071/2392) /workspaces/yolo/video/12921779_3840_2160_29fps.mp4: 384x640 (no detections), 123.4ms
video 1/1 (frame 2072/2392) /workspaces/yolo/video/12921779_3840_2160_29fps.mp4: 384x640 (no detections), 98.3ms
video 1/1 (frame 2073/2392) /workspaces/yolo/video/12921779_3840_2160_29fps.mp4: 384x640 (no detections), 159.8ms
video 1/1 (frame 2074/2392) /workspaces/yolo/video/12921779_3840_2160_29fps.mp4: 384x640 (no detections), 166.9ms
video 1/1 (frame 2075/2392) /workspaces/yolo/video/12921779_3840_2160_29fps.mp4: 384x640 (no detections), 96.9ms
video 1/1 (frame 2076/2392) /workspaces/yolo/video/12921779_3840_2160_29fps.mp4: 384x640 (no detections), 267.6ms
video 1/1 (frame 2077/2392) /workspaces/yolo/video/12921779_3840_2160_29fps.mp4: 384x640 (no detections), 103.4ms
video 1/1 (frame 2078/2392) /workspaces/yolo/video/12921779_3840_2160_29fps.mp4: 384x640 (no detections), 387.5ms
video 1/1 (frame 2079/2392) /workspaces/yolo/video/12921779_3840_2160_29fps.mp4: 384x640 (no detections), 144.6ms
video 1/1 (frame 2080/2392) /workspaces/yolo/video/12921779_3840_2160_29fps.mp4: 384x640 (no detections), 145.9ms
video 1/1 (frame 2081/2392) /workspaces/yolo/video/12921779_3840_2160_29fps.mp4: 384x640 (no detections), 113.1ms
video 1/1 (frame 2082/2392) /workspaces/yolo/video/12921779_3840_2160_29fps.mp4: 384x640 (no detections), 108.7ms
video 1/1 (frame 2083/2392) /workspaces/yolo/video/12921779_3840_2160_29fps.mp4: 384x640 (no detections), 125.1ms
video 1/1 (frame 2084/2392) /workspaces/yolo/video/12921779_3840_2160_29fps.mp4: 384x640 (no detections), 217.7ms
video 1/1 (frame 2085/2392) /workspaces/yolo/video/12921779_3840_2160_29fps.mp4: 384x640 (no detections), 230.1ms
video 1/1 (frame 2086/2392) /workspaces/yolo/video/12921779_3840_2160_29fps.mp4: 384x640 (no detections), 108.3ms
video 1/1 (frame 2087/2392) /workspaces/yolo/video/12921779_3840_2160_29fps.mp4: 384x640 (no detections), 177.3ms
video 1/1 (frame 2088/2392) /workspaces/yolo/video/12921779_3840_2160_29fps.mp4: 384x640 (no detections), 133.5ms
video 1/1 (frame 2089/2392) /workspaces/yolo/video/12921779_3840_2160_29fps.mp4: 384x640 (no detections), 197.2ms
video 1/1 (frame 2090/2392) /workspaces/yolo/video/12921779_3840_2160_29fps.mp4: 384x640 (no detections), 162.7ms
video 1/1 (frame 2091/2392) /workspaces/yolo/video/12921779_3840_2160_29fps.mp4: 384x640 (no detections), 97.4ms
video 1/1 (frame 2092/2392) /workspaces/yolo/video/12921779_3840_2160_29fps.mp4: 384x640 (no detections), 165.3ms
video 1/1 (frame 2093/2392) /workspaces/yolo/video/12921779_3840_2160_29fps.mp4: 384x640 (no detections), 107.1ms
video 1/1 (frame 2094/2392) /workspaces/yolo/video/12921779_3840_2160_29fps.mp4: 384x640 (no detections), 109.7ms
video 1/1 (frame 2095/2392) /workspaces/yolo/video/12921779_3840_2160_29fps.mp4: 384x640 (no detections), 124.8ms
video 1/1 (frame 2096/2392) /workspaces/yolo/video/12921779_3840_2160_29fps.mp4: 384x640 (no detections), 208.0ms
video 1/1 (frame 2097/2392) /workspaces/yolo/video/12921779_3840_2160_29fps.mp4: 384x640 (no detections), 102.3ms
video 1/1 (frame 2098/2392) /workspaces/yolo/video/12921779_3840_2160_29fps.mp4: 384x640 (no detections), 129.7ms
video 1/1 (frame 2099/2392) /workspaces/yolo/video/12921779_3840_2160_29fps.mp4: 384x640 (no detections), 214.8ms
video 1/1 (frame 2100/2392) /workspaces/yolo/video/12921779_3840_2160_29fps.mp4: 384x640 (no detections), 267.6ms
  已处理 2100/2392 帧，累计总人数: 172
video 1/1 (frame 2101/2392) /workspaces/yolo/video/12921779_3840_2160_29fps.mp4: 384x640 (no detections), 234.6ms
video 1/1 (frame 2102/2392) /workspaces/yolo/video/12921779_3840_2160_29fps.mp4: 384x640 (no detections), 108.8ms
video 1/1 (frame 2103/2392) /workspaces/yolo/video/12921779_3840_2160_29fps.mp4: 384x640 (no detections), 106.9ms
video 1/1 (frame 2104/2392) /workspaces/yolo/video/12921779_3840_2160_29fps.mp4: 384x640 (no detections), 159.9ms
video 1/1 (frame 2105/2392) /workspaces/yolo/video/12921779_3840_2160_29fps.mp4: 384x640 (no detections), 109.6ms
video 1/1 (frame 2106/2392) /workspaces/yolo/video/12921779_3840_2160_29fps.mp4: 384x640 (no detections), 99.8ms
video 1/1 (frame 2107/2392) /workspaces/yolo/video/12921779_3840_2160_29fps.mp4: 384x640 (no detections), 322.7ms
video 1/1 (frame 2108/2392) /workspaces/yolo/video/12921779_3840_2160_29fps.mp4: 384x640 (no detections), 211.4ms
video 1/1 (frame 2109/2392) /workspaces/yolo/video/12921779_3840_2160_29fps.mp4: 384x640 (no detections), 114.6ms
video 1/1 (frame 2110/2392) /workspaces/yolo/video/12921779_3840_2160_29fps.mp4: 384x640 (no detections), 141.1ms
video 1/1 (frame 2111/2392) /workspaces/yolo/video/12921779_3840_2160_29fps.mp4: 384x640 (no detections), 112.6ms
video 1/1 (frame 2112/2392) /workspaces/yolo/video/12921779_3840_2160_29fps.mp4: 384x640 (no detections), 160.1ms
video 1/1 (frame 2113/2392) /workspaces/yolo/video/12921779_3840_2160_29fps.mp4: 384x640 (no detections), 183.5ms
video 1/1 (frame 2114/2392) /workspaces/yolo/video/12921779_3840_2160_29fps.mp4: 384x640 (no detections), 112.8ms
video 1/1 (frame 2115/2392) /workspaces/yolo/video/12921779_3840_2160_29fps.mp4: 384x640 (no detections), 104.6ms
video 1/1 (frame 2116/2392) /workspaces/yolo/video/12921779_3840_2160_29fps.mp4: 384x640 (no detections), 126.0ms
video 1/1 (frame 2117/2392) /workspaces/yolo/video/12921779_3840_2160_29fps.mp4: 384x640 (no detections), 123.5ms
video 1/1 (frame 2118/2392) /workspaces/yolo/video/12921779_3840_2160_29fps.mp4: 384x640 (no detections), 144.9ms
video 1/1 (frame 2119/2392) /workspaces/yolo/video/12921779_3840_2160_29fps.mp4: 384x640 (no detections), 225.4ms
video 1/1 (frame 2120/2392) /workspaces/yolo/video/12921779_3840_2160_29fps.mp4: 384x640 (no detections), 114.7ms
video 1/1 (frame 2121/2392) /workspaces/yolo/video/12921779_3840_2160_29fps.mp4: 384x640 (no detections), 111.2ms
video 1/1 (frame 2122/2392) /workspaces/yolo/video/12921779_3840_2160_29fps.mp4: 384x640 (no detections), 116.3ms
video 1/1 (frame 2123/2392) /workspaces/yolo/video/12921779_3840_2160_29fps.mp4: 384x640 (no detections), 167.1ms
video 1/1 (frame 2124/2392) /workspaces/yolo/video/12921779_3840_2160_29fps.mp4: 384x640 (no detections), 189.0ms
video 1/1 (frame 2125/2392) /workspaces/yolo/video/12921779_3840_2160_29fps.mp4: 384x640 (no detections), 184.3ms
video 1/1 (frame 2126/2392) /workspaces/yolo/video/12921779_3840_2160_29fps.mp4: 384x640 (no detections), 100.6ms
video 1/1 (frame 2127/2392) /workspaces/yolo/video/12921779_3840_2160_29fps.mp4: 384x640 (no detections), 110.4ms
video 1/1 (frame 2128/2392) /workspaces/yolo/video/12921779_3840_2160_29fps.mp4: 384x640 (no detections), 146.7ms
video 1/1 (frame 2129/2392) /workspaces/yolo/video/12921779_3840_2160_29fps.mp4: 384x640 (no detections), 117.8ms
video 1/1 (frame 2130/2392) /workspaces/yolo/video/12921779_3840_2160_29fps.mp4: 384x640 (no detections), 164.8ms
video 1/1 (frame 2131/2392) /workspaces/yolo/video/12921779_3840_2160_29fps.mp4: 384x640 (no detections), 181.6ms
video 1/1 (frame 2132/2392) /workspaces/yolo/video/12921779_3840_2160_29fps.mp4: 384x640 (no detections), 124.5ms
video 1/1 (frame 2133/2392) /workspaces/yolo/video/12921779_3840_2160_29fps.mp4: 384x640 (no detections), 142.8ms
video 1/1 (frame 2134/2392) /workspaces/yolo/video/12921779_3840_2160_29fps.mp4: 384x640 (no detections), 153.9ms
video 1/1 (frame 2135/2392) /workspaces/yolo/video/12921779_3840_2160_29fps.mp4: 384x640 (no detections), 192.0ms
video 1/1 (frame 2136/2392) /workspaces/yolo/video/12921779_3840_2160_29fps.mp4: 384x640 (no detections), 226.0ms
video 1/1 (frame 2137/2392) /workspaces/yolo/video/12921779_3840_2160_29fps.mp4: 384x640 (no detections), 104.5ms
video 1/1 (frame 2138/2392) /workspaces/yolo/video/12921779_3840_2160_29fps.mp4: 384x640 (no detections), 113.3ms
video 1/1 (frame 2139/2392) /workspaces/yolo/video/12921779_3840_2160_29fps.mp4: 384x640 (no detections), 122.3ms
video 1/1 (frame 2140/2392) /workspaces/yolo/video/12921779_3840_2160_29fps.mp4: 384x640 (no detections), 117.9ms
video 1/1 (frame 2141/2392) /workspaces/yolo/video/12921779_3840_2160_29fps.mp4: 384x640 (no detections), 243.9ms
video 1/1 (frame 2142/2392) /workspaces/yolo/video/12921779_3840_2160_29fps.mp4: 384x640 (no detections), 134.8ms
video 1/1 (frame 2143/2392) /workspaces/yolo/video/12921779_3840_2160_29fps.mp4: 384x640 (no detections), 115.0ms
video 1/1 (frame 2144/2392) /workspaces/yolo/video/12921779_3840_2160_29fps.mp4: 384x640 (no detections), 238.9ms
video 1/1 (frame 2145/2392) /workspaces/yolo/video/12921779_3840_2160_29fps.mp4: 384x640 (no detections), 140.4ms
video 1/1 (frame 2146/2392) /workspaces/yolo/video/12921779_3840_2160_29fps.mp4: 384x640 (no detections), 187.8ms
video 1/1 (frame 2147/2392) /workspaces/yolo/video/12921779_3840_2160_29fps.mp4: 384x640 (no detections), 179.5ms
video 1/1 (frame 2148/2392) /workspaces/yolo/video/12921779_3840_2160_29fps.mp4: 384x640 (no detections), 133.4ms
video 1/1 (frame 2149/2392) /workspaces/yolo/video/12921779_3840_2160_29fps.mp4: 384x640 (no detections), 135.5ms
video 1/1 (frame 2150/2392) /workspaces/yolo/video/12921779_3840_2160_29fps.mp4: 384x640 (no detections), 111.5ms
video 1/1 (frame 2151/2392) /workspaces/yolo/video/12921779_3840_2160_29fps.mp4: 384x640 (no detections), 107.4ms
video 1/1 (frame 2152/2392) /workspaces/yolo/video/12921779_3840_2160_29fps.mp4: 384x640 (no detections), 297.3ms
video 1/1 (frame 2153/2392) /workspaces/yolo/video/12921779_3840_2160_29fps.mp4: 384x640 (no detections), 158.9ms
video 1/1 (frame 2154/2392) /workspaces/yolo/video/12921779_3840_2160_29fps.mp4: 384x640 (no detections), 103.3ms
video 1/1 (frame 2155/2392) /workspaces/yolo/video/12921779_3840_2160_29fps.mp4: 384x640 (no detections), 112.2ms
video 1/1 (frame 2156/2392) /workspaces/yolo/video/12921779_3840_2160_29fps.mp4: 384x640 (no detections), 122.6ms
video 1/1 (frame 2157/2392) /workspaces/yolo/video/12921779_3840_2160_29fps.mp4: 384x640 (no detections), 177.4ms
video 1/1 (frame 2158/2392) /workspaces/yolo/video/12921779_3840_2160_29fps.mp4: 384x640 (no detections), 244.4ms
video 1/1 (frame 2159/2392) /workspaces/yolo/video/12921779_3840_2160_29fps.mp4: 384x640 (no detections), 220.4ms
video 1/1 (frame 2160/2392) /workspaces/yolo/video/12921779_3840_2160_29fps.mp4: 384x640 (no detections), 119.7ms
video 1/1 (frame 2161/2392) /workspaces/yolo/video/12921779_3840_2160_29fps.mp4: 384x640 (no detections), 108.5ms
video 1/1 (frame 2162/2392) /workspaces/yolo/video/12921779_3840_2160_29fps.mp4: 384x640 (no detections), 110.2ms
video 1/1 (frame 2163/2392) /workspaces/yolo/video/12921779_3840_2160_29fps.mp4: 384x640 (no detections), 106.9ms
video 1/1 (frame 2164/2392) /workspaces/yolo/video/12921779_3840_2160_29fps.mp4: 384x640 (no detections), 172.6ms
video 1/1 (frame 2165/2392) /workspaces/yolo/video/12921779_3840_2160_29fps.mp4: 384x640 (no detections), 301.0ms
video 1/1 (frame 2166/2392) /workspaces/yolo/video/12921779_3840_2160_29fps.mp4: 384x640 (no detections), 144.7ms
video 1/1 (frame 2167/2392) /workspaces/yolo/video/12921779_3840_2160_29fps.mp4: 384x640 (no detections), 110.6ms
video 1/1 (frame 2168/2392) /workspaces/yolo/video/12921779_3840_2160_29fps.mp4: 384x640 (no detections), 121.7ms
video 1/1 (frame 2169/2392) /workspaces/yolo/video/12921779_3840_2160_29fps.mp4: 384x640 (no detections), 109.6ms
video 1/1 (frame 2170/2392) /workspaces/yolo/video/12921779_3840_2160_29fps.mp4: 384x640 (no detections), 120.1ms
video 1/1 (frame 2171/2392) /workspaces/yolo/video/12921779_3840_2160_29fps.mp4: 384x640 (no detections), 222.8ms
video 1/1 (frame 2172/2392) /workspaces/yolo/video/12921779_3840_2160_29fps.mp4: 384x640 (no detections), 107.6ms
video 1/1 (frame 2173/2392) /workspaces/yolo/video/12921779_3840_2160_29fps.mp4: 384x640 (no detections), 106.4ms
video 1/1 (frame 2174/2392) /workspaces/yolo/video/12921779_3840_2160_29fps.mp4: 384x640 (no detections), 102.8ms
video 1/1 (frame 2175/2392) /workspaces/yolo/video/12921779_3840_2160_29fps.mp4: 384x640 (no detections), 105.9ms
video 1/1 (frame 2176/2392) /workspaces/yolo/video/12921779_3840_2160_29fps.mp4: 384x640 (no detections), 117.4ms
video 1/1 (frame 2177/2392) /workspaces/yolo/video/12921779_3840_2160_29fps.mp4: 384x640 (no detections), 182.6ms
video 1/1 (frame 2178/2392) /workspaces/yolo/video/12921779_3840_2160_29fps.mp4: 384x640 (no detections), 152.4ms
video 1/1 (frame 2179/2392) /workspaces/yolo/video/12921779_3840_2160_29fps.mp4: 384x640 (no detections), 107.1ms
video 1/1 (frame 2180/2392) /workspaces/yolo/video/12921779_3840_2160_29fps.mp4: 384x640 (no detections), 124.0ms
video 1/1 (frame 2181/2392) /workspaces/yolo/video/12921779_3840_2160_29fps.mp4: 384x640 (no detections), 103.0ms
video 1/1 (frame 2182/2392) /workspaces/yolo/video/12921779_3840_2160_29fps.mp4: 384x640 (no detections), 101.8ms
video 1/1 (frame 2183/2392) /workspaces/yolo/video/12921779_3840_2160_29fps.mp4: 384x640 (no detections), 136.1ms
video 1/1 (frame 2184/2392) /workspaces/yolo/video/12921779_3840_2160_29fps.mp4: 384x640 (no detections), 150.0ms
video 1/1 (frame 2185/2392) /workspaces/yolo/video/12921779_3840_2160_29fps.mp4: 384x640 (no detections), 97.8ms
video 1/1 (frame 2186/2392) /workspaces/yolo/video/12921779_3840_2160_29fps.mp4: 384x640 (no detections), 118.7ms
video 1/1 (frame 2187/2392) /workspaces/yolo/video/12921779_3840_2160_29fps.mp4: 384x640 (no detections), 156.3ms
video 1/1 (frame 2188/2392) /workspaces/yolo/video/12921779_3840_2160_29fps.mp4: 384x640 (no detections), 165.3ms
video 1/1 (frame 2189/2392) /workspaces/yolo/video/12921779_3840_2160_29fps.mp4: 384x640 (no detections), 107.5ms
video 1/1 (frame 2190/2392) /workspaces/yolo/video/12921779_3840_2160_29fps.mp4: 384x640 (no detections), 164.3ms
video 1/1 (frame 2191/2392) /workspaces/yolo/video/12921779_3840_2160_29fps.mp4: 384x640 (no detections), 95.7ms
video 1/1 (frame 2192/2392) /workspaces/yolo/video/12921779_3840_2160_29fps.mp4: 384x640 (no detections), 203.8ms
video 1/1 (frame 2193/2392) /workspaces/yolo/video/12921779_3840_2160_29fps.mp4: 384x640 (no detections), 134.2ms
video 1/1 (frame 2194/2392) /workspaces/yolo/video/12921779_3840_2160_29fps.mp4: 384x640 (no detections), 130.2ms
video 1/1 (frame 2195/2392) /workspaces/yolo/video/12921779_3840_2160_29fps.mp4: 384x640 (no detections), 117.8ms
video 1/1 (frame 2196/2392) /workspaces/yolo/video/12921779_3840_2160_29fps.mp4: 384x640 (no detections), 257.3ms
video 1/1 (frame 2197/2392) /workspaces/yolo/video/12921779_3840_2160_29fps.mp4: 384x640 (no detections), 120.3ms
video 1/1 (frame 2198/2392) /workspaces/yolo/video/12921779_3840_2160_29fps.mp4: 384x640 (no detections), 105.8ms
video 1/1 (frame 2199/2392) /workspaces/yolo/video/12921779_3840_2160_29fps.mp4: 384x640 (no detections), 186.9ms
video 1/1 (frame 2200/2392) /workspaces/yolo/video/12921779_3840_2160_29fps.mp4: 384x640 (no detections), 197.2ms
  已处理 2200/2392 帧，累计总人数: 172
video 1/1 (frame 2201/2392) /workspaces/yolo/video/12921779_3840_2160_29fps.mp4: 384x640 (no detections), 151.1ms
video 1/1 (frame 2202/2392) /workspaces/yolo/video/12921779_3840_2160_29fps.mp4: 384x640 (no detections), 98.4ms
video 1/1 (frame 2203/2392) /workspaces/yolo/video/12921779_3840_2160_29fps.mp4: 384x640 (no detections), 115.6ms
video 1/1 (frame 2204/2392) /workspaces/yolo/video/12921779_3840_2160_29fps.mp4: 384x640 (no detections), 114.2ms
video 1/1 (frame 2205/2392) /workspaces/yolo/video/12921779_3840_2160_29fps.mp4: 384x640 (no detections), 101.8ms
video 1/1 (frame 2206/2392) /workspaces/yolo/video/12921779_3840_2160_29fps.mp4: 384x640 (no detections), 97.9ms
video 1/1 (frame 2207/2392) /workspaces/yolo/video/12921779_3840_2160_29fps.mp4: 384x640 (no detections), 118.0ms
video 1/1 (frame 2208/2392) /workspaces/yolo/video/12921779_3840_2160_29fps.mp4: 384x640 (no detections), 231.4ms
video 1/1 (frame 2209/2392) /workspaces/yolo/video/12921779_3840_2160_29fps.mp4: 384x640 (no detections), 105.0ms
video 1/1 (frame 2210/2392) /workspaces/yolo/video/12921779_3840_2160_29fps.mp4: 384x640 (no detections), 115.5ms
video 1/1 (frame 2211/2392) /workspaces/yolo/video/12921779_3840_2160_29fps.mp4: 384x640 (no detections), 102.5ms
video 1/1 (frame 2212/2392) /workspaces/yolo/video/12921779_3840_2160_29fps.mp4: 384x640 (no detections), 133.1ms
video 1/1 (frame 2213/2392) /workspaces/yolo/video/12921779_3840_2160_29fps.mp4: 384x640 (no detections), 102.5ms
video 1/1 (frame 2214/2392) /workspaces/yolo/video/12921779_3840_2160_29fps.mp4: 384x640 (no detections), 165.5ms
video 1/1 (frame 2215/2392) /workspaces/yolo/video/12921779_3840_2160_29fps.mp4: 384x640 (no detections), 160.8ms
video 1/1 (frame 2216/2392) /workspaces/yolo/video/12921779_3840_2160_29fps.mp4: 384x640 (no detections), 116.7ms
video 1/1 (frame 2217/2392) /workspaces/yolo/video/12921779_3840_2160_29fps.mp4: 384x640 (no detections), 123.4ms
video 1/1 (frame 2218/2392) /workspaces/yolo/video/12921779_3840_2160_29fps.mp4: 384x640 (no detections), 124.0ms
video 1/1 (frame 2219/2392) /workspaces/yolo/video/12921779_3840_2160_29fps.mp4: 384x640 (no detections), 266.6ms
video 1/1 (frame 2220/2392) /workspaces/yolo/video/12921779_3840_2160_29fps.mp4: 384x640 (no detections), 118.6ms
video 1/1 (frame 2221/2392) /workspaces/yolo/video/12921779_3840_2160_29fps.mp4: 384x640 (no detections), 108.7ms
video 1/1 (frame 2222/2392) /workspaces/yolo/video/12921779_3840_2160_29fps.mp4: 384x640 (no detections), 93.7ms
video 1/1 (frame 2223/2392) /workspaces/yolo/video/12921779_3840_2160_29fps.mp4: 384x640 (no detections), 93.7ms
video 1/1 (frame 2224/2392) /workspaces/yolo/video/12921779_3840_2160_29fps.mp4: 384x640 (no detections), 129.5ms
video 1/1 (frame 2225/2392) /workspaces/yolo/video/12921779_3840_2160_29fps.mp4: 384x640 (no detections), 146.5ms
video 1/1 (frame 2226/2392) /workspaces/yolo/video/12921779_3840_2160_29fps.mp4: 384x640 (no detections), 103.1ms
video 1/1 (frame 2227/2392) /workspaces/yolo/video/12921779_3840_2160_29fps.mp4: 384x640 (no detections), 110.1ms
video 1/1 (frame 2228/2392) /workspaces/yolo/video/12921779_3840_2160_29fps.mp4: 384x640 (no detections), 119.8ms
video 1/1 (frame 2229/2392) /workspaces/yolo/video/12921779_3840_2160_29fps.mp4: 384x640 (no detections), 183.0ms
video 1/1 (frame 2230/2392) /workspaces/yolo/video/12921779_3840_2160_29fps.mp4: 384x640 (no detections), 201.5ms
video 1/1 (frame 2231/2392) /workspaces/yolo/video/12921779_3840_2160_29fps.mp4: 384x640 (no detections), 119.0ms
video 1/1 (frame 2232/2392) /workspaces/yolo/video/12921779_3840_2160_29fps.mp4: 384x640 (no detections), 148.4ms
video 1/1 (frame 2233/2392) /workspaces/yolo/video/12921779_3840_2160_29fps.mp4: 384x640 (no detections), 104.2ms
video 1/1 (frame 2234/2392) /workspaces/yolo/video/12921779_3840_2160_29fps.mp4: 384x640 (no detections), 174.4ms
video 1/1 (frame 2235/2392) /workspaces/yolo/video/12921779_3840_2160_29fps.mp4: 384x640 (no detections), 96.0ms
video 1/1 (frame 2236/2392) /workspaces/yolo/video/12921779_3840_2160_29fps.mp4: 384x640 (no detections), 225.4ms
video 1/1 (frame 2237/2392) /workspaces/yolo/video/12921779_3840_2160_29fps.mp4: 384x640 (no detections), 165.4ms
video 1/1 (frame 2238/2392) /workspaces/yolo/video/12921779_3840_2160_29fps.mp4: 384x640 (no detections), 98.9ms
video 1/1 (frame 2239/2392) /workspaces/yolo/video/12921779_3840_2160_29fps.mp4: 384x640 (no detections), 121.6ms
video 1/1 (frame 2240/2392) /workspaces/yolo/video/12921779_3840_2160_29fps.mp4: 384x640 (no detections), 134.8ms
video 1/1 (frame 2241/2392) /workspaces/yolo/video/12921779_3840_2160_29fps.mp4: 384x640 (no detections), 170.9ms
video 1/1 (frame 2242/2392) /workspaces/yolo/video/12921779_3840_2160_29fps.mp4: 384x640 (no detections), 152.9ms
video 1/1 (frame 2243/2392) /workspaces/yolo/video/12921779_3840_2160_29fps.mp4: 384x640 (no detections), 168.9ms
video 1/1 (frame 2244/2392) /workspaces/yolo/video/12921779_3840_2160_29fps.mp4: 384x640 (no detections), 116.3ms
video 1/1 (frame 2245/2392) /workspaces/yolo/video/12921779_3840_2160_29fps.mp4: 384x640 (no detections), 108.4ms
video 1/1 (frame 2246/2392) /workspaces/yolo/video/12921779_3840_2160_29fps.mp4: 384x640 (no detections), 95.9ms
video 1/1 (frame 2247/2392) /workspaces/yolo/video/12921779_3840_2160_29fps.mp4: 384x640 (no detections), 92.7ms
video 1/1 (frame 2248/2392) /workspaces/yolo/video/12921779_3840_2160_29fps.mp4: 384x640 (no detections), 214.8ms
video 1/1 (frame 2249/2392) /workspaces/yolo/video/12921779_3840_2160_29fps.mp4: 384x640 (no detections), 249.3ms
video 1/1 (frame 2250/2392) /workspaces/yolo/video/12921779_3840_2160_29fps.mp4: 384x640 (no detections), 107.2ms
video 1/1 (frame 2251/2392) /workspaces/yolo/video/12921779_3840_2160_29fps.mp4: 384x640 (no detections), 104.4ms
video 1/1 (frame 2252/2392) /workspaces/yolo/video/12921779_3840_2160_29fps.mp4: 384x640 (no detections), 141.6ms
video 1/1 (frame 2253/2392) /workspaces/yolo/video/12921779_3840_2160_29fps.mp4: 384x640 (no detections), 122.9ms
video 1/1 (frame 2254/2392) /workspaces/yolo/video/12921779_3840_2160_29fps.mp4: 384x640 (no detections), 139.9ms
video 1/1 (frame 2255/2392) /workspaces/yolo/video/12921779_3840_2160_29fps.mp4: 384x640 (no detections), 157.1ms
video 1/1 (frame 2256/2392) /workspaces/yolo/video/12921779_3840_2160_29fps.mp4: 384x640 (no detections), 156.1ms
video 1/1 (frame 2257/2392) /workspaces/yolo/video/12921779_3840_2160_29fps.mp4: 384x640 (no detections), 119.6ms
video 1/1 (frame 2258/2392) /workspaces/yolo/video/12921779_3840_2160_29fps.mp4: 384x640 (no detections), 123.0ms
video 1/1 (frame 2259/2392) /workspaces/yolo/video/12921779_3840_2160_29fps.mp4: 384x640 (no detections), 102.5ms
video 1/1 (frame 2260/2392) /workspaces/yolo/video/12921779_3840_2160_29fps.mp4: 384x640 (no detections), 94.3ms
video 1/1 (frame 2261/2392) /workspaces/yolo/video/12921779_3840_2160_29fps.mp4: 384x640 (no detections), 220.1ms
video 1/1 (frame 2262/2392) /workspaces/yolo/video/12921779_3840_2160_29fps.mp4: 384x640 (no detections), 147.4ms
video 1/1 (frame 2263/2392) /workspaces/yolo/video/12921779_3840_2160_29fps.mp4: 384x640 (no detections), 104.7ms
video 1/1 (frame 2264/2392) /workspaces/yolo/video/12921779_3840_2160_29fps.mp4: 384x640 (no detections), 93.8ms
video 1/1 (frame 2265/2392) /workspaces/yolo/video/12921779_3840_2160_29fps.mp4: 384x640 (no detections), 120.6ms
video 1/1 (frame 2266/2392) /workspaces/yolo/video/12921779_3840_2160_29fps.mp4: 384x640 (no detections), 121.6ms
video 1/1 (frame 2267/2392) /workspaces/yolo/video/12921779_3840_2160_29fps.mp4: 384x640 (no detections), 139.9ms
video 1/1 (frame 2268/2392) /workspaces/yolo/video/12921779_3840_2160_29fps.mp4: 384x640 (no detections), 179.9ms
video 1/1 (frame 2269/2392) /workspaces/yolo/video/12921779_3840_2160_29fps.mp4: 384x640 (no detections), 146.4ms
video 1/1 (frame 2270/2392) /workspaces/yolo/video/12921779_3840_2160_29fps.mp4: 384x640 (no detections), 133.0ms
video 1/1 (frame 2271/2392) /workspaces/yolo/video/12921779_3840_2160_29fps.mp4: 384x640 (no detections), 99.6ms
video 1/1 (frame 2272/2392) /workspaces/yolo/video/12921779_3840_2160_29fps.mp4: 384x640 (no detections), 120.4ms
video 1/1 (frame 2273/2392) /workspaces/yolo/video/12921779_3840_2160_29fps.mp4: 384x640 (no detections), 245.6ms
video 1/1 (frame 2274/2392) /workspaces/yolo/video/12921779_3840_2160_29fps.mp4: 384x640 (no detections), 184.2ms
video 1/1 (frame 2275/2392) /workspaces/yolo/video/12921779_3840_2160_29fps.mp4: 384x640 (no detections), 108.1ms
video 1/1 (frame 2276/2392) /workspaces/yolo/video/12921779_3840_2160_29fps.mp4: 384x640 (no detections), 118.2ms
video 1/1 (frame 2277/2392) /workspaces/yolo/video/12921779_3840_2160_29fps.mp4: 384x640 (no detections), 120.7ms
video 1/1 (frame 2278/2392) /workspaces/yolo/video/12921779_3840_2160_29fps.mp4: 384x640 (no detections), 112.9ms
video 1/1 (frame 2279/2392) /workspaces/yolo/video/12921779_3840_2160_29fps.mp4: 384x640 (no detections), 142.4ms
video 1/1 (frame 2280/2392) /workspaces/yolo/video/12921779_3840_2160_29fps.mp4: 384x640 (no detections), 188.3ms
video 1/1 (frame 2281/2392) /workspaces/yolo/video/12921779_3840_2160_29fps.mp4: 384x640 (no detections), 147.1ms
video 1/1 (frame 2282/2392) /workspaces/yolo/video/12921779_3840_2160_29fps.mp4: 384x640 (no detections), 172.1ms
video 1/1 (frame 2283/2392) /workspaces/yolo/video/12921779_3840_2160_29fps.mp4: 384x640 (no detections), 167.0ms
video 1/1 (frame 2284/2392) /workspaces/yolo/video/12921779_3840_2160_29fps.mp4: 384x640 (no detections), 136.1ms
video 1/1 (frame 2285/2392) /workspaces/yolo/video/12921779_3840_2160_29fps.mp4: 384x640 (no detections), 217.6ms
video 1/1 (frame 2286/2392) /workspaces/yolo/video/12921779_3840_2160_29fps.mp4: 384x640 (no detections), 98.9ms
video 1/1 (frame 2287/2392) /workspaces/yolo/video/12921779_3840_2160_29fps.mp4: 384x640 (no detections), 98.2ms
video 1/1 (frame 2288/2392) /workspaces/yolo/video/12921779_3840_2160_29fps.mp4: 384x640 (no detections), 183.5ms
video 1/1 (frame 2289/2392) /workspaces/yolo/video/12921779_3840_2160_29fps.mp4: 384x640 (no detections), 106.0ms
video 1/1 (frame 2290/2392) /workspaces/yolo/video/12921779_3840_2160_29fps.mp4: 384x640 (no detections), 126.2ms
video 1/1 (frame 2291/2392) /workspaces/yolo/video/12921779_3840_2160_29fps.mp4: 384x640 (no detections), 171.0ms
video 1/1 (frame 2292/2392) /workspaces/yolo/video/12921779_3840_2160_29fps.mp4: 384x640 (no detections), 108.8ms
video 1/1 (frame 2293/2392) /workspaces/yolo/video/12921779_3840_2160_29fps.mp4: 384x640 (no detections), 105.7ms
video 1/1 (frame 2294/2392) /workspaces/yolo/video/12921779_3840_2160_29fps.mp4: 384x640 (no detections), 106.3ms
video 1/1 (frame 2295/2392) /workspaces/yolo/video/12921779_3840_2160_29fps.mp4: 384x640 (no detections), 103.5ms
video 1/1 (frame 2296/2392) /workspaces/yolo/video/12921779_3840_2160_29fps.mp4: 384x640 (no detections), 113.8ms
video 1/1 (frame 2297/2392) /workspaces/yolo/video/12921779_3840_2160_29fps.mp4: 384x640 (no detections), 211.8ms
video 1/1 (frame 2298/2392) /workspaces/yolo/video/12921779_3840_2160_29fps.mp4: 384x640 (no detections), 112.1ms
video 1/1 (frame 2299/2392) /workspaces/yolo/video/12921779_3840_2160_29fps.mp4: 384x640 (no detections), 92.9ms
video 1/1 (frame 2300/2392) /workspaces/yolo/video/12921779_3840_2160_29fps.mp4: 384x640 (no detections), 556.6ms
  已处理 2300/2392 帧，累计总人数: 172
video 1/1 (frame 2301/2392) /workspaces/yolo/video/12921779_3840_2160_29fps.mp4: 384x640 (no detections), 348.5ms
video 1/1 (frame 2302/2392) /workspaces/yolo/video/12921779_3840_2160_29fps.mp4: 384x640 (no detections), 102.9ms
video 1/1 (frame 2303/2392) /workspaces/yolo/video/12921779_3840_2160_29fps.mp4: 384x640 (no detections), 115.5ms
video 1/1 (frame 2304/2392) /workspaces/yolo/video/12921779_3840_2160_29fps.mp4: 384x640 (no detections), 150.4ms
video 1/1 (frame 2305/2392) /workspaces/yolo/video/12921779_3840_2160_29fps.mp4: 384x640 (no detections), 136.5ms
video 1/1 (frame 2306/2392) /workspaces/yolo/video/12921779_3840_2160_29fps.mp4: 384x640 (no detections), 121.9ms
video 1/1 (frame 2307/2392) /workspaces/yolo/video/12921779_3840_2160_29fps.mp4: 384x640 (no detections), 169.7ms
video 1/1 (frame 2308/2392) /workspaces/yolo/video/12921779_3840_2160_29fps.mp4: 384x640 (no detections), 157.4ms
video 1/1 (frame 2309/2392) /workspaces/yolo/video/12921779_3840_2160_29fps.mp4: 384x640 (no detections), 125.7ms
video 1/1 (frame 2310/2392) /workspaces/yolo/video/12921779_3840_2160_29fps.mp4: 384x640 (no detections), 211.6ms
video 1/1 (frame 2311/2392) /workspaces/yolo/video/12921779_3840_2160_29fps.mp4: 384x640 (no detections), 101.9ms
video 1/1 (frame 2312/2392) /workspaces/yolo/video/12921779_3840_2160_29fps.mp4: 384x640 (no detections), 263.0ms
video 1/1 (frame 2313/2392) /workspaces/yolo/video/12921779_3840_2160_29fps.mp4: 384x640 (no detections), 158.5ms
video 1/1 (frame 2314/2392) /workspaces/yolo/video/12921779_3840_2160_29fps.mp4: 384x640 (no detections), 109.8ms
video 1/1 (frame 2315/2392) /workspaces/yolo/video/12921779_3840_2160_29fps.mp4: 384x640 (no detections), 119.8ms
video 1/1 (frame 2316/2392) /workspaces/yolo/video/12921779_3840_2160_29fps.mp4: 384x640 (no detections), 155.0ms
video 1/1 (frame 2317/2392) /workspaces/yolo/video/12921779_3840_2160_29fps.mp4: 384x640 (no detections), 122.9ms
video 1/1 (frame 2318/2392) /workspaces/yolo/video/12921779_3840_2160_29fps.mp4: 384x640 (no detections), 176.8ms
video 1/1 (frame 2319/2392) /workspaces/yolo/video/12921779_3840_2160_29fps.mp4: 384x640 (no detections), 129.9ms
video 1/1 (frame 2320/2392) /workspaces/yolo/video/12921779_3840_2160_29fps.mp4: 384x640 (no detections), 336.4ms
video 1/1 (frame 2321/2392) /workspaces/yolo/video/12921779_3840_2160_29fps.mp4: 384x640 (no detections), 243.0ms
video 1/1 (frame 2322/2392) /workspaces/yolo/video/12921779_3840_2160_29fps.mp4: 384x640 (no detections), 149.6ms
video 1/1 (frame 2323/2392) /workspaces/yolo/video/12921779_3840_2160_29fps.mp4: 384x640 (no detections), 155.4ms
video 1/1 (frame 2324/2392) /workspaces/yolo/video/12921779_3840_2160_29fps.mp4: 384x640 (no detections), 128.5ms
video 1/1 (frame 2325/2392) /workspaces/yolo/video/12921779_3840_2160_29fps.mp4: 384x640 (no detections), 111.3ms
video 1/1 (frame 2326/2392) /workspaces/yolo/video/12921779_3840_2160_29fps.mp4: 384x640 (no detections), 130.9ms
video 1/1 (frame 2327/2392) /workspaces/yolo/video/12921779_3840_2160_29fps.mp4: 384x640 (no detections), 130.7ms
video 1/1 (frame 2328/2392) /workspaces/yolo/video/12921779_3840_2160_29fps.mp4: 384x640 (no detections), 231.1ms
video 1/1 (frame 2329/2392) /workspaces/yolo/video/12921779_3840_2160_29fps.mp4: 384x640 (no detections), 129.6ms
video 1/1 (frame 2330/2392) /workspaces/yolo/video/12921779_3840_2160_29fps.mp4: 384x640 (no detections), 111.3ms
video 1/1 (frame 2331/2392) /workspaces/yolo/video/12921779_3840_2160_29fps.mp4: 384x640 (no detections), 104.5ms
video 1/1 (frame 2332/2392) /workspaces/yolo/video/12921779_3840_2160_29fps.mp4: 384x640 (no detections), 127.6ms
video 1/1 (frame 2333/2392) /workspaces/yolo/video/12921779_3840_2160_29fps.mp4: 384x640 (no detections), 153.3ms
video 1/1 (frame 2334/2392) /workspaces/yolo/video/12921779_3840_2160_29fps.mp4: 384x640 (no detections), 158.5ms
video 1/1 (frame 2335/2392) /workspaces/yolo/video/12921779_3840_2160_29fps.mp4: 384x640 (no detections), 103.2ms
video 1/1 (frame 2336/2392) /workspaces/yolo/video/12921779_3840_2160_29fps.mp4: 384x640 (no detections), 121.7ms
video 1/1 (frame 2337/2392) /workspaces/yolo/video/12921779_3840_2160_29fps.mp4: 384x640 (no detections), 125.6ms
video 1/1 (frame 2338/2392) /workspaces/yolo/video/12921779_3840_2160_29fps.mp4: 384x640 (no detections), 105.1ms
video 1/1 (frame 2339/2392) /workspaces/yolo/video/12921779_3840_2160_29fps.mp4: 384x640 (no detections), 90.7ms
video 1/1 (frame 2340/2392) /workspaces/yolo/video/12921779_3840_2160_29fps.mp4: 384x640 (no detections), 231.0ms
video 1/1 (frame 2341/2392) /workspaces/yolo/video/12921779_3840_2160_29fps.mp4: 384x640 (no detections), 137.1ms
video 1/1 (frame 2342/2392) /workspaces/yolo/video/12921779_3840_2160_29fps.mp4: 384x640 (no detections), 97.8ms
video 1/1 (frame 2343/2392) /workspaces/yolo/video/12921779_3840_2160_29fps.mp4: 384x640 (no detections), 112.9ms
video 1/1 (frame 2344/2392) /workspaces/yolo/video/12921779_3840_2160_29fps.mp4: 384x640 (no detections), 194.7ms
video 1/1 (frame 2345/2392) /workspaces/yolo/video/12921779_3840_2160_29fps.mp4: 384x640 (no detections), 103.7ms
video 1/1 (frame 2346/2392) /workspaces/yolo/video/12921779_3840_2160_29fps.mp4: 384x640 (no detections), 152.2ms
video 1/1 (frame 2347/2392) /workspaces/yolo/video/12921779_3840_2160_29fps.mp4: 384x640 (no detections), 141.1ms
video 1/1 (frame 2348/2392) /workspaces/yolo/video/12921779_3840_2160_29fps.mp4: 384x640 (no detections), 187.8ms
video 1/1 (frame 2349/2392) /workspaces/yolo/video/12921779_3840_2160_29fps.mp4: 384x640 (no detections), 130.2ms
video 1/1 (frame 2350/2392) /workspaces/yolo/video/12921779_3840_2160_29fps.mp4: 384x640 (no detections), 274.3ms
video 1/1 (frame 2351/2392) /workspaces/yolo/video/12921779_3840_2160_29fps.mp4: 384x640 (no detections), 185.0ms
video 1/1 (frame 2352/2392) /workspaces/yolo/video/12921779_3840_2160_29fps.mp4: 384x640 (no detections), 127.9ms
video 1/1 (frame 2353/2392) /workspaces/yolo/video/12921779_3840_2160_29fps.mp4: 384x640 (no detections), 112.7ms
video 1/1 (frame 2354/2392) /workspaces/yolo/video/12921779_3840_2160_29fps.mp4: 384x640 (no detections), 107.1ms
video 1/1 (frame 2355/2392) /workspaces/yolo/video/12921779_3840_2160_29fps.mp4: 384x640 (no detections), 102.2ms
video 1/1 (frame 2356/2392) /workspaces/yolo/video/12921779_3840_2160_29fps.mp4: 384x640 (no detections), 153.8ms
video 1/1 (frame 2357/2392) /workspaces/yolo/video/12921779_3840_2160_29fps.mp4: 384x640 (no detections), 201.6ms
video 1/1 (frame 2358/2392) /workspaces/yolo/video/12921779_3840_2160_29fps.mp4: 384x640 (no detections), 145.3ms
video 1/1 (frame 2359/2392) /workspaces/yolo/video/12921779_3840_2160_29fps.mp4: 384x640 (no detections), 94.7ms
video 1/1 (frame 2360/2392) /workspaces/yolo/video/12921779_3840_2160_29fps.mp4: 384x640 (no detections), 168.5ms
video 1/1 (frame 2361/2392) /workspaces/yolo/video/12921779_3840_2160_29fps.mp4: 384x640 (no detections), 101.6ms
video 1/1 (frame 2362/2392) /workspaces/yolo/video/12921779_3840_2160_29fps.mp4: 384x640 (no detections), 96.1ms
video 1/1 (frame 2363/2392) /workspaces/yolo/video/12921779_3840_2160_29fps.mp4: 384x640 (no detections), 160.2ms
video 1/1 (frame 2364/2392) /workspaces/yolo/video/12921779_3840_2160_29fps.mp4: 384x640 (no detections), 150.3ms
video 1/1 (frame 2365/2392) /workspaces/yolo/video/12921779_3840_2160_29fps.mp4: 384x640 (no detections), 120.1ms
video 1/1 (frame 2366/2392) /workspaces/yolo/video/12921779_3840_2160_29fps.mp4: 384x640 (no detections), 97.6ms
video 1/1 (frame 2367/2392) /workspaces/yolo/video/12921779_3840_2160_29fps.mp4: 384x640 (no detections), 152.5ms
video 1/1 (frame 2368/2392) /workspaces/yolo/video/12921779_3840_2160_29fps.mp4: 384x640 (no detections), 129.6ms
video 1/1 (frame 2369/2392) /workspaces/yolo/video/12921779_3840_2160_29fps.mp4: 384x640 (no detections), 134.3ms
video 1/1 (frame 2370/2392) /workspaces/yolo/video/12921779_3840_2160_29fps.mp4: 384x640 (no detections), 188.1ms
video 1/1 (frame 2371/2392) /workspaces/yolo/video/12921779_3840_2160_29fps.mp4: 384x640 (no detections), 105.0ms
video 1/1 (frame 2372/2392) /workspaces/yolo/video/12921779_3840_2160_29fps.mp4: 384x640 (no detections), 128.2ms
video 1/1 (frame 2373/2392) /workspaces/yolo/video/12921779_3840_2160_29fps.mp4: 384x640 (no detections), 118.7ms
video 1/1 (frame 2374/2392) /workspaces/yolo/video/12921779_3840_2160_29fps.mp4: 384x640 (no detections), 105.3ms
video 1/1 (frame 2375/2392) /workspaces/yolo/video/12921779_3840_2160_29fps.mp4: 384x640 (no detections), 164.0ms
video 1/1 (frame 2376/2392) /workspaces/yolo/video/12921779_3840_2160_29fps.mp4: 384x640 (no detections), 206.1ms
video 1/1 (frame 2377/2392) /workspaces/yolo/video/12921779_3840_2160_29fps.mp4: 384x640 (no detections), 100.2ms
video 1/1 (frame 2378/2392) /workspaces/yolo/video/12921779_3840_2160_29fps.mp4: 384x640 (no detections), 111.4ms
video 1/1 (frame 2379/2392) /workspaces/yolo/video/12921779_3840_2160_29fps.mp4: 384x640 (no detections), 98.3ms
video 1/1 (frame 2380/2392) /workspaces/yolo/video/12921779_3840_2160_29fps.mp4: 384x640 (no detections), 113.0ms
video 1/1 (frame 2381/2392) /workspaces/yolo/video/12921779_3840_2160_29fps.mp4: 384x640 (no detections), 101.7ms
video 1/1 (frame 2382/2392) /workspaces/yolo/video/12921779_3840_2160_29fps.mp4: 384x640 (no detections), 156.9ms
video 1/1 (frame 2383/2392) /workspaces/yolo/video/12921779_3840_2160_29fps.mp4: 384x640 (no detections), 145.9ms
video 1/1 (frame 2384/2392) /workspaces/yolo/video/12921779_3840_2160_29fps.mp4: 384x640 (no detections), 116.4ms
video 1/1 (frame 2385/2392) /workspaces/yolo/video/12921779_3840_2160_29fps.mp4: 384x640 (no detections), 158.7ms
video 1/1 (frame 2386/2392) /workspaces/yolo/video/12921779_3840_2160_29fps.mp4: 384x640 (no detections), 125.0ms
video 1/1 (frame 2387/2392) /workspaces/yolo/video/12921779_3840_2160_29fps.mp4: 384x640 (no detections), 118.7ms
video 1/1 (frame 2388/2392) /workspaces/yolo/video/12921779_3840_2160_29fps.mp4: 384x640 (no detections), 143.9ms
video 1/1 (frame 2389/2392) /workspaces/yolo/video/12921779_3840_2160_29fps.mp4: 384x640 (no detections), 178.5ms
video 1/1 (frame 2390/2392) /workspaces/yolo/video/12921779_3840_2160_29fps.mp4: 384x640 (no detections), 93.6ms
video 1/1 (frame 2391/2392) /workspaces/yolo/video/12921779_3840_2160_29fps.mp4: 384x640 (no detections), 93.8ms
video 1/1 (frame 2392/2392) /workspaces/yolo/video/12921779_3840_2160_29fps.mp4: 384x640 (no detections), 107.8ms
Speed: 3.7ms preprocess, 175.9ms inference, 1.3ms postprocess per image at shape (1, 3, 384, 640)
✓ 视频 12921779_3840_2160_29fps.mp4 分析完成！总人数: 172
✓ 结果视频保存为: 12921779_3840_2160_29fps_人流统计.mp4

============================================================
批量视频分析完成！各视频人流统计:
============================================================
  📹 12921779_3840_2160_29fps.mp4: 172

详细报告已保存到: tracking_results/人流统计报告.txt
